sample	seqname	reads	note
SRR1166442_JCYL001B_glucose	NC_001133.9	17102	
SRR1166442_JCYL001B_glucose	NC_001134.8	79614	
SRR1166442_JCYL001B_glucose	NC_001135.5	29039	
SRR1166442_JCYL001B_glucose	NC_001136.10	117538	
SRR1166442_JCYL001B_glucose	NC_001137.3	54862	
SRR1166442_JCYL001B_glucose	NC_001138.5	16164	
SRR1166442_JCYL001B_glucose	NC_001139.9	125958	
SRR1166442_JCYL001B_glucose	NC_001140.6	59554	
SRR1166442_JCYL001B_glucose	NC_001141.2	26588	
SRR1166442_JCYL001B_glucose	NC_001142.9	76307	
SRR1166442_JCYL001B_glucose	NC_001143.9	54065	
SRR1166442_JCYL001B_glucose	NC_001144.5	109553	
SRR1166442_JCYL001B_glucose	NC_001145.3	59535	
SRR1166442_JCYL001B_glucose	NC_001146.8	50981	
SRR1166442_JCYL001B_glucose	NC_001147.6	104802	
SRR1166442_JCYL001B_glucose	NC_001148.4	84064	
SRR1166442_JCYL001B_glucose	NC_001224.1	8	
SRR1166442_JCYL001B_glucose	cdt-1EGFP	2118	
SRR1166442_JCYL001B_glucose	gh1-1	1318	
SRR1166443_JCYL002B_glucose	NC_001133.9	17358	
SRR1166443_JCYL002B_glucose	NC_001134.8	80789	
SRR1166443_JCYL002B_glucose	NC_001135.5	28444	
SRR1166443_JCYL002B_glucose	NC_001136.10	119290	
SRR1166443_JCYL002B_glucose	NC_001137.3	56441	
SRR1166443_JCYL002B_glucose	NC_001138.5	16402	
SRR1166443_JCYL002B_glucose	NC_001139.9	127990	
SRR1166443_JCYL002B_glucose	NC_001140.6	60606	
SRR1166443_JCYL002B_glucose	NC_001141.2	27446	
SRR1166443_JCYL002B_glucose	NC_001142.9	76101	
SRR1166443_JCYL002B_glucose	NC_001143.9	54053	
SRR1166443_JCYL002B_glucose	NC_001144.5	111926	
SRR1166443_JCYL002B_glucose	NC_001145.3	60889	
SRR1166443_JCYL002B_glucose	NC_001146.8	52003	
SRR1166443_JCYL002B_glucose	NC_001147.6	106877	
SRR1166443_JCYL002B_glucose	NC_001148.4	86386	
SRR1166443_JCYL002B_glucose	NC_001224.1	5	
SRR1166443_JCYL002B_glucose	cdt-1EGFP	2091	
SRR1166443_JCYL002B_glucose	gh1-1	1207	
SRR1166444_JCYL003B_glucose	NC_001133.9	17919	
SRR1166444_JCYL003B_glucose	NC_001134.8	81827	
SRR1166444_JCYL003B_glucose	NC_001135.5	28532	
SRR1166444_JCYL003B_glucose	NC_001136.10	119239	
SRR1166444_JCYL003B_glucose	NC_001137.3	56191	
SRR1166444_JCYL003B_glucose	NC_001138.5	15930	
SRR1166444_JCYL003B_glucose	NC_001139.9	131453	
SRR1166444_JCYL003B_glucose	NC_001140.6	60962	
SRR1166444_JCYL003B_glucose	NC_001141.2	26738	
SRR1166444_JCYL003B_glucose	NC_001142.9	79172	
SRR1166444_JCYL003B_glucose	NC_001143.9	55121	
SRR1166444_JCYL003B_glucose	NC_001144.5	111126	
SRR1166444_JCYL003B_glucose	NC_001145.3	61647	
SRR1166444_JCYL003B_glucose	NC_001146.8	51718	
SRR1166444_JCYL003B_glucose	NC_001147.6	111708	
SRR1166444_JCYL003B_glucose	NC_001148.4	87141	
SRR1166444_JCYL003B_glucose	NC_001224.1	9	
SRR1166444_JCYL003B_glucose	cdt-1EGFP	1558	
SRR1166444_JCYL003B_glucose	gh1-1	1081	
SRR1166445_JCYL001D_cellobiose	NC_001133.9	16777	
SRR1166445_JCYL001D_cellobiose	NC_001134.8	81645	
SRR1166445_JCYL001D_cellobiose	NC_001135.5	24990	
SRR1166445_JCYL001D_cellobiose	NC_001136.10	140697	
SRR1166445_JCYL001D_cellobiose	NC_001137.3	50115	
SRR1166445_JCYL001D_cellobiose	NC_001138.5	27629	
SRR1166445_JCYL001D_cellobiose	NC_001139.9	108314	
SRR1166445_JCYL001D_cellobiose	NC_001140.6	50456	
SRR1166445_JCYL001D_cellobiose	NC_001141.2	27043	
SRR1166445_JCYL001D_cellobiose	NC_001142.9	70355	
SRR1166445_JCYL001D_cellobiose	NC_001143.9	57794	
SRR1166445_JCYL001D_cellobiose	NC_001144.5	114249	
SRR1166445_JCYL001D_cellobiose	NC_001145.3	60252	
SRR1166445_JCYL001D_cellobiose	NC_001146.8	53719	
SRR1166445_JCYL001D_cellobiose	NC_001147.6	85498	
SRR1166445_JCYL001D_cellobiose	NC_001148.4	82341	
SRR1166445_JCYL001D_cellobiose	NC_001224.1	12	
SRR1166445_JCYL001D_cellobiose	cdt-1EGFP	3615	
SRR1166445_JCYL001D_cellobiose	gh1-1	2564	
SRR1166446_JCYL002D_cellobiose	NC_001133.9	17551	
SRR1166446_JCYL002D_cellobiose	NC_001134.8	86721	
SRR1166446_JCYL002D_cellobiose	NC_001135.5	25746	
SRR1166446_JCYL002D_cellobiose	NC_001136.10	140972	
SRR1166446_JCYL002D_cellobiose	NC_001137.3	50632	
SRR1166446_JCYL002D_cellobiose	NC_001138.5	27347	
SRR1166446_JCYL002D_cellobiose	NC_001139.9	112157	
SRR1166446_JCYL002D_cellobiose	NC_001140.6	52032	
SRR1166446_JCYL002D_cellobiose	NC_001141.2	26358	
SRR1166446_JCYL002D_cellobiose	NC_001142.9	72234	
SRR1166446_JCYL002D_cellobiose	NC_001143.9	59204	
SRR1166446_JCYL002D_cellobiose	NC_001144.5	119711	
SRR1166446_JCYL002D_cellobiose	NC_001145.3	61886	
SRR1166446_JCYL002D_cellobiose	NC_001146.8	56057	
SRR1166446_JCYL002D_cellobiose	NC_001147.6	84274	
SRR1166446_JCYL002D_cellobiose	NC_001148.4	82791	
SRR1166446_JCYL002D_cellobiose	NC_001224.1	17	
SRR1166446_JCYL002D_cellobiose	cdt-1EGFP	4063	
SRR1166446_JCYL002D_cellobiose	gh1-1	2966	
SRR1166447_JCYL003D_cellobiose	NC_001133.9	17029	
SRR1166447_JCYL003D_cellobiose	NC_001134.8	85432	
SRR1166447_JCYL003D_cellobiose	NC_001135.5	25136	
SRR1166447_JCYL003D_cellobiose	NC_001136.10	144827	
SRR1166447_JCYL003D_cellobiose	NC_001137.3	51457	
SRR1166447_JCYL003D_cellobiose	NC_001138.5	27717	
SRR1166447_JCYL003D_cellobiose	NC_001139.9	113040	
SRR1166447_JCYL003D_cellobiose	NC_001140.6	52213	
SRR1166447_JCYL003D_cellobiose	NC_001141.2	27098	
SRR1166447_JCYL003D_cellobiose	NC_001142.9	73252	
SRR1166447_JCYL003D_cellobiose	NC_001143.9	59579	
SRR1166447_JCYL003D_cellobiose	NC_001144.5	117029	
SRR1166447_JCYL003D_cellobiose	NC_001145.3	62224	
SRR1166447_JCYL003D_cellobiose	NC_001146.8	55150	
SRR1166447_JCYL003D_cellobiose	NC_001147.6	86549	
SRR1166447_JCYL003D_cellobiose	NC_001148.4	85283	
SRR1166447_JCYL003D_cellobiose	NC_001224.1	18	
SRR1166447_JCYL003D_cellobiose	cdt-1EGFP	3424	
SRR1166447_JCYL003D_cellobiose	gh1-1	2465	
