UniqueCount	AmbigCount
86923	0
51306	0
97	3574
2	80
3488	0
42	163
43	189
134	16
15	0
66	0
466	1590
7034	1
2620	0
5514	0
1309	0
1764	0
6098	0
1117	0
1404	0
5816	0
2513	0
965	0
1638	0
1279	0
1051	0
1627	0
20227	0
4030	0
10149	0
4412	0
2136	0
2922	0
217218	0
13	0
819	0
2781	0
11845	0
735	0
2324	0
725	0
1913	0
3406	0
2611	0
3470	0
1633	0
700	0
4039	358
95	358
3165	0
1047	0
10721	0
3251	0
4587	0
1762	0
3421	0
396	0
3773	0
7591	0
2254	0
3058	0
3909	0
34023	0
1829	0
1688	0
1638	0
3031	0
3150	0
0	0
15669	53649
21115	0
143	0
3562	0
4405	0
3381	0
6367	0
2349	0
2851	0
1176	0
76	276967
0	111060
0	17
4965	0
13391	0
1424	0
1465	0
208	217
622	0
0	0
0	19
2868	1
2217	1
410	0
519	1104
167	1363
10392	0
4	0
3437	0
426	1363
106	141
8	65
3	274
248	482
107	4395
264	43873
1	4547
0	25828
0	1383
0	17
2530	0
3462	0
3927	0
2471	0
3681	0
4382	0
2548	0
24	0
0	14702
345	119648
0	1
10397	0
7027	0
401	0
828	0
6846	0
31927	0
1707	0
8846	0
1740	0
1445	0
2317	0
8299	9348
1729	0
4140	0
2043	1
1655	0
1159	64
1499	0
3086	0
1692	0
22387	0
2433	0
898	0
2	0
8048	50080
8	0
793	0
697	0
1341	0
2055	0
2789	0
1151	0
8049	0
1004	0
4121	0
2200	0
1058	0
614	0
7631	0
2689	0
6577	0
1715	0
1759	0
2484	0
3212	0
4949	0
3227	0
978	0
8467	0
2182	0
5020	0
29	0
1312	0
3501	0
6698	0
4110	0
394	0
3694	0
2183	0
1771	0
5744	0
1771	0
1435	0
6821	0
3335	0
1234	0
2239	0
1102	0
4767	0
1068	0
29579	11757
1375	0
846	0
3947	0
2270	0
6021	0
1032	0
2769	0
1584	0
1416	0
8376	11
2752	0
4160	0
0	16
0	37
1921	0
353	0
4303	0
1288	0
1292	0
13	0
1653	0
8024	0
2432	0
3176	0
0	8412
239	263844
0	19
2229	0
17113	6008
17604	409
6285	0
3724	0
3154	0
3567	0
1561	0
1775	0
4512	0
4752	0
2767	0
19435	29107
24288	26208
56674	0
0	113241
271	371557
805	0
0	12
2649	0
3917	0
2722	0
4489	0
663	0
484	970
259	1814
0	844
1454	0
1524	0
4077	0
1554	0
14618	0
4685	0
43	0
3148	0
2331	0
1934	0
6468	63941
104	0
1669	0
5837	0
8650	0
32	0
3332	0
6992	0
2005	0
2773	0
6218	0
505	0
3009	0
2796	0
5184	0
2396	0
14	0
1166	0
3485	0
2472	0
9533	8859
4511	0
268	0
5212	0
4050	0
12628	0
3526	0
0	17
5836	0
0	7
320	0
3137	0
3112	0
3302	0
5036	0
1877	0
1820	0
1497	0
2063	0
1542	0
13357	0
110621	1
24405	0
88	4763
279	4763
1274	0
3597	0
35429	0
13	0
3737	0
2606	0
818	0
2406	0
22733	0
11412	0
5023	0
3103	0
0	15
0	34
15109	0
2540	0
3303	0
24313	11757
3720	0
7557	0
5162	0
1628	0
3017	0
2355	1583
491	1583
664	0
35718	7876
3231	8111
2269	0
2129	0
2350	0
1135	0
1245	0
4009	0
2973	0
3727	0
5904	0
8580	0
11907	0
1324	0
1637	0
6989	0
3123	0
6992	0
1219	0
4764	151
2615	0
0	0
2139	0
9676	706152
1911	0
555	0
13331	0
2586	0
2486	0
2424	0
13751	0
3164	0
30958	0
1045	0
3518	0
2926	0
1586	0
2283	0
3238	0
1666	0
872	0
2353	0
1394	0
3874	0
2679	0
1365	0
1844	0
10697	0
34	0
13111	0
2694	0
2956	0
1087	0
8495	0
1628	4
4806	0
664	0
1654	0
3379	0
2337	0
1268	0
7868	0
15513	0
4783	0
2277	0
2531	0
19388	0
2020	0
2175	0
2519	0
2068	0
3441	0
861	0
1186	0
3412	0
3045	0
3220	0
3910	0
3685	0
2132	0
1583	0
2752	0
2553	0
659	0
3982	53891
732	0
41	0
264	0
460	0
1097	0
456	0
3753	0
913	0
25711	3076
17883	11224
1907	0
1481	0
460	0
3808	0
51178	0
20	0
50	0
1859	0
4241	0
8601	0
3252	0
185	0
1554	0
3332	0
6184	1
1526	0
2421	0
2738	0
4272	0
3377	0
174	0
0	12
0	20
1067	0
1136	0
3580	0
3939	0
5397	0
2344	0
2332	0
805	0
12857	6334
3	296
1856	296
20682	0
2	0
6104	0
918	0
1512	0
2516	0
1524	0
3944	0
1354	0
906	0
502	0
1588	0
1042	0
617	0
7112	0
2939	0
3045	0
3420	0
2417	0
1702	0
12414	0
3754	0
1293	0
1276	0
466	0
2475	0
2082	0
2068	0
13822	0
20258	0
767	0
2235	0
1925	0
1724	0
923	0
2619	0
1069	0
17222	0
1692	0
641	0
1370	0
2092	0
2063	0
1548	0
5756	0
2119	0
4286	0
2071	1277
0	1277
1176	0
1665	0
1623	0
1252	0
1393	0
3444	0
1750	0
2446	0
3517	0
2795	0
5453	0
1687	0
2116	0
1227	0
6092	0
856	0
870	0
33317	0
3292	0
1596	0
1652	8
4095	0
1945	0
47	0
2781	0
8749	0
1916	0
598	0
16	0
2161	362
2223	0
8	0
19	543
99	2694
2244	18111
24	0
95	0
82	1728
31	1912
0	216
3721	4415
1677	42
39122	0
1793	0
2036	0
2568	0
286	1006
0	1006
2767	0
6460	0
1287	0
2286	0
4	0
3230	0
3672	0
2328	0
6360	0
7493	0
862	0
437	0
2259	0
6041	0
1430	0
24910	0
908	971
26643	971
3411	0
4891	0
115	0
744	0
7201	0
5562	0
1652	0
1736	0
3679	0
72867	0
2211	0
4505	0
2049	0
970	0
671	0
10519	69
2193	0
0	20
354	0
0	16398
37	136531
0	0
3981	0
1596	0
1893	0
583	0
7797	0
3910	0
21218	0
2133	0
3051	0
74	0
1687	0
990	0
1520	0
2770	0
166	0
178	0
197	0
3845	0
1387	0
4210	0
160310	0
218	0
0	61
1117	0
0	58
2768	0
4971	0
355	0
4620	0
265612	0
1253	0
824	0
408	0
0	37
3006	0
5825	0
1929	0
0	5
0	9
1296	0
10924	0
873	0
684	0
2457	0
43	0
4374	0
1204	0
6806	0
3175	16
178	0
3779	0
1039	0
0	9
1700	0
2959	0
2562	0
9	0
28667	5877
25	0
1902	0
4756	0
2925	0
3936	0
3539	0
3430	0
601	216
767	85
3956	43
41	0
1321	0
2908	0
2431	0
2364	0
3488	0
13700	1819
91	1819
3517	0
4148	0
17313	0
1190	0
3160	0
3413	0
1357	0
1941	0
0	0
321	0
1906	0
961	0
2606	0
2819	0
10463	0
1266	0
1743	0
3246	0
3070	0
1445	0
588	0
1695	0
6861	0
2261	0
1451	0
2705	0
1051	0
6167	0
50	0
1002	0
1743	0
7183	0
1922	0
1553	0
2066	0
1661	0
3565	0
1704	0
2056	0
92	0
0	4415
0	0
0	12
505	0
590	0
1001	0
434	0
716	565
92	638
941	0
1768	0
734	1372
14	1
648	12507
9	1586
6	1070
38	1969
467	4208
910	1626
281	0
407	0
1943	0
869	0
892	0
2914	0
3890	0
2772	0
4733	0
1088	0
634	0
3380	0
2860	0
16136	56139
2770	0
5697	0
3561	0
3910	0
2507	0
881	0
1060	0
1070	0
309	0
1731	0
1146	0
9299	0
1614	0
2858	0
4102	0
680	0
532	0
1831	0
5680	0
4631	0
2560	0
1686	0
106	0
885	0
2383	0
1808	0
2145	0
882	0
1488	0
8948	0
2834	0
5454	0
1850	0
2242	0
15248	192
2732	36821
3557	0
4022	0
2436	1883
1008	0
29708	0
3	7239
1412	0
20461	30472
1185	0
2762	0
2735	0
2110	0
1851	0
2402	0
2535	0
2773	0
7880	0
9463	0
12044	0
997	0
4103	0
2297	0
1758	0
1904	0
2442	0
4203	0
532	0
1362	0
0	0
2029	0
2528	0
1299	0
3098	0
657	0
3369	0
2616	0
1675	0
3184	0
7656	0
1481	0
7940	0
1938	0
7006	0
1597	0
2000	0
5694	0
1180	0
2974	0
13196	192
1795	36821
2965	0
4800	1883
12	7239
3480	0
3657	0
10423	30472
2488	0
14573	660
1119	0
4884	0
1350	0
25353	0
9407	0
12782	0
2014	0
5002	0
1436	0
1708	0
1127	0
1944	0
3000	0
3186	0
298	0
3519	0
2448	0
2924	0
1847	0
1151	0
1830	0
970	0
1795	0
743	0
970	0
2360	0
1684	0
1169	0
8466	0
5754	0
749	0
8567	0
7551	0
3394	0
3114	0
2128	0
2018	0
1898	0
3199	0
752	0
4391	0
1389	0
1193	0
15073	0
14487	2159
12163	7205
15714	0
4581	0
2618	0
6050	0
1473	0
2106	0
22719	9
102	0
4721	0
3156	0
5305	0
16542	0
614	0
2023	0
19223	0
2204	0
1352	0
1703	0
7841	171
3599	0
4227	0
4645	0
1459	0
3094	0
48188	0
0	6
4918	0
2787	0
5574	0
4075	0
613	0
2349	0
3814	0
5468	0
1428	0
1988	0
1201	0
934	0
1437	0
6593	0
347	0
92	0
1463	0
4053	1
967	0
4326	0
1867	0
8803	0
2469	0
2212	0
4598	0
858	1
35	1
0	31
21087	0
2831	0
8786	0
5448	0
1097	0
1140	0
6623	0
10519	0
3118	0
2342	0
1851	215
495	215
1342	0
0	12
19	0
0	19
9650	0
1731	0
3554	0
2709	0
2808	0
2014	0
1484	0
10375	0
12618	0
1888	0
250	0
1949	0
3099	0
3105	0
2882	0
678	0
93	0
6564	0
3183	63941
1361	0
932	0
56	0
1032	0
3491	0
700	0
22080	0
933	0
1013	0
1527	0
10741	0
14737	8859
3203	0
2960	0
5259	0
208	0
1555	0
881	0
11488	0
619	1493
0	1493
30267	0
5381	0
55	128059
0	16361
0	17
118	588
103	0
23631	0
2395	0
39601	0
124	14591
0	15377
593	14867
3319	0
508	0
9	0
2856	0
55055	0
1066	0
16239	0
6453	0
2869	0
145137	0
1652	0
3474	0
4604	0
11899	0
7196	0
2739	0
2266	0
1281	0
4567	0
3040	0
6053	0
2792	0
26209	0
826	0
554	0
2040	0
3398	0
1877	0
3458	0
4103	0
3415	0
1712	0
7772	0
1552	0
1644	0
118629	0
936	0
971	0
634	0
2789	0
3463	0
2508	0
1942	0
1750	0
2226	0
4684	0
2267	0
2350	0
0	7
2844	0
3759	0
4415	0
4616	0
2742	0
1553	0
2618	0
7142	0
0	9
29	439170
0	117243
10658	19
2534	0
3713	0
110	0
3908	0
1612	0
3081	0
113	0
0	16
1643	0
2490	0
2711	0
2009	0
2249	0
2356	0
193	31
1368	31
2154	0
2274	0
1127	0
2395	0
299	0
4205	0
1794	0
5416	0
1091	0
708	0
809	0
2743	0
22878	0
2473	0
10120	0
1561	0
1444	0
1259	0
42430	2
6165	0
2207	0
2879	0
2092	0
1409	0
2944	0
1623	0
2583	0
1797	0
4910	12
3631	0
3194	0
4787	0
3978	0
2886	0
3384	0
3014	0
54411	3
1118	0
127	0
29890	0
2445	0
2901	0
3299	0
2215	0
1909	0
2860	0
1800	0
2538	0
2197	0
3123	0
2357	0
20	0
4341	2
0	9
800	7910
6505	0
10745	0
1036	0
7692	0
2496	0
4174	0
4159	0
2860	0
708	0
1565	0
889	0
2020	0
3104	0
52	0
1016	0
1068	0
458	0
23545	1
14001	0
4596	0
6162	0
1997	0
1766	0
5496	0
2	0
2198	0
2251	0
1716	0
1544	0
2057	0
659	0
2422	0
2653	0
2196	0
5067	0
1591	0
3917	0
1956	2857
0	2857
0	14916
20	127781
42	418713
0	114299
0	0
4944	0
5741	0
4090	0
7545	0
41	0
1912	0
2725	0
806	0
2323	0
1902	0
1747	0
1629	0
29660	409
28588	6008
17265	0
2330	0
2631	0
3377	0
2805	0
6835	0
21252	0
6052	0
2269	0
2147	0
1488	0
6374	0
2352	0
1766	0
0	0
2635	0
1093	0
2451	0
4195	0
2082	0
59	0
1139	0
1597	0
911	0
4258	0
359	0
4757	0
1725	0
1325	0
1546	0
2505	0
11658	0
642	0
1601	0
4056	0
0	15709
130	119924
87	409111
0	114642
6270	0
732	0
12089	0
2443	0
3151	0
2430	0
1236	0
2729	0
3955	0
1846	0
2973	0
5098	0
4273	0
3728	0
1	0
1437	0
2832	0
289	0
719	0
2646	0
5025	0
1654	0
777	0
1852	0
1558	0
1498	0
2109	0
3930	0
11884	0
3015	0
2263	0
2175	0
10292	0
4093	0
3411	0
3023	0
2485	0
1985	0
2592	0
9109	3
1213	0
2444	0
7	0
2034	0
1040	0
4609	0
4512	0
3461	0
1894	861
1314	0
678	0
871	0
1635	0
0	1
0	116943
0	442870
1061	0
1359	0
2113	0
1411	0
1148	0
3654	0
2430	0
1159	0
1586	0
3048	0
1543	0
3685	0
6511	0
4047	0
3321	0
2077	0
1411	0
3992	0
2564	0
4903	0
1335	0
1900	0
1715	0
2537	0
7	0
13688	0
114	38121
545	38121
90	0
95656	24333
7252	0
2453	0
5902	0
5866	0
0	8
3066	0
2600	0
1515	0
11295	0
19497	0
2001	0
1532	0
2797	0
1886	0
2410	0
2960	0
1749	0
0	9
3104	0
1821	0
7100	0
0	116108
25	444320
4086	1171
1746	0
6458	0
1023	0
2277	0
1710	0
6364	0
2652	0
94	0
1475	0
2368	0
2198	0
2727	0
2376	0
4214	0
675	0
3614	0
10845	0
1784	0
18762	0
2183	0
1466	0
1273	107740
1794	0
2761	0
9892	0
2455	0
2573	0
1	0
1613	0
2033	0
2440	0
7952	0
3849	0
2656	0
4928	0
8036	0
1787	0
274	0
768	0
2103	0
3039	0
3509	0
2825	0
6014	0
1633	0
2042	0
3639	0
2545	0
1935	0
1272	0
1673	0
19079	4913
2261	0
0	12
3471	0
2093	0
2078	0
2508	0
1358	0
3554	0
4919	0
1070	0
5471	0
1958	0
11998	0
3665	0
1898	0
2291	0
410	0
1678	0
1012	0
1812	0
1887	0
1602	0
2511	0
0	9
51	0
10408	7660
1061	0
1911	0
15841	12016
3085	0
9085	0
3449	0
6908	0
4257	0
3189	0
2946	0
1898	0
1631	0
80	0
1071	0
1232	0
6546	0
4240	0
2766	0
3249	0
2180	0
1463	0
1789	0
15693	253
20	0
2174	0
2004	0
5442	0
4488	0
5046	0
577	0
2864	0
1488	0
6203	0
1550	0
10145	0
1678	0
3512	0
2368	0
9367	0
1045	0
800	0
3041	0
7078	0
974	0
1896	0
1819	0
4468	0
17596	0
2333	0
1642	0
17219	1539
753	0
38513	2130
882	0
272	0
1949	0
878	0
0	0
3123	0
12925	69
5135	0
642	0
854	2
2638	2
1238	0
891	0
5170	0
6856	0
4189	0
2789	0
2167	0
469	0
932	0
1879	0
7416	0
42473	0
40	0
633	0
5018	0
347	0
5301	0
2290	0
5478	0
4584	0
1348	0
3609	0
1330	0
908	0
841	0
3271	0
1060	0
6451	0
4	4606
481	86620
375	59180
0	3230
11	2767
0	2715
2639	0
4292	0
167106	0
225	1619
87	717
1416	0
1146	51
4019	51
15914	0
1537	0
6393	0
986	0
2450	0
25618	0
959	0
1038	0
7565	0
340	0
2379	0
3067	0
11	0
10257	4913
2623	0
3171	0
10984	0
2382	0
9	0
2	0
0	37
639	2969
810	0
15624	0
14678	0
3779	0
2594	0
2173	0
1142	0
6362	0
936	0
3919	0
5057	0
4231	6
43	0
3585	628
433	0
0	19
4686	0
8352	0
944	0
4048	0
526	0
0	5
23257	0
3722	0
4409	0
979	0
2322	0
2391	0
12409	0
251	0
66	0
2429	0
547	0
1911	0
1646	16
1784	0
3235	0
4364	0
70	0
3384	0
1	2
3732	0
7827	0
0	9
69	0
0	15
31677	0
148	0
2429	0
2519	0
1583	0
1048	0
1459	0
6677	0
4657	0
2302	0
3865	0
5462	0
4387	0
3677	0
3226	0
994	0
3012	0
47	0
4149	0
6537	0
3329	0
136785	3483
0	20
5952	0
2907	0
4261	1782
0	1782
1533	0
1874	0
4876	0
2557	0
5483	0
4692	0
5290	0
7460	0
2311	0
7535	0
16468	0
5993	0
0	17
3648	0
2886	0
1453	0
2090	0
2777	0
5020	0
2046	0
1242	0
2299	0
4956	0
8354	0
5463	0
1264	0
6	621
710	621
273	0
3258	0
2599	0
2866	0
20914	0
4656	0
121	0
4256	0
2544	0
2285	0
3856	0
1370	0
5382	0
2216	0
1985	0
39243	0
3193	0
17	0
1109	0
27233	0
22294	2551
7851	6544
6011	0
676	0
2392	0
1566	165
1992	2714
2981	0
11583	0
5064	0
3123	0
3192	0
0	42
657	564
2099	0
3668	0
36491	0
15162	44
1204	0
4427	0
20948	0
10306	24532
1694	0
2657	0
0	17
1312	0
1990	0
2782	0
22	0
3030	0
5130	0
4478	176
9641	2059
2857	0
3591	0
366	0
219	0
15439	0
1270	0
2912	0
7984	0
3379	0
9974	0
215135	0
4155	0
1991	0
514	0
6194	0
2593	0
1166	0
1473	0
3280	0
5386	0
1343	0
5247	50080
8134	0
904	0
4133	0
976	0
2316	0
2085	0
7231	0
1807	0
2636	0
1809	0
3343	0
1506	0
1683	0
13602	9348
1652	0
3240	0
6368	0
189	0
7823	0
2683	0
19599	0
5336	0
2655	0
3030	0
1261	0
5186	0
3856	0
12342	1377
497	0
2042	0
1	0
8424	0
0	17
1526	0
70	0
0	64
5905	0
419	0
402	0
0	450999
239	1244
890	0
1398	0
2265	0
1167	0
2272	0
1912	0
51181	0
414	1452
295	1452
2244	0
5204	0
1926	0
4139	0
0	64
5285	0
4052	0
568	0
3237	0
4053	0
2953	0
2620	0
8851	0
8856	0
0	7
0	387048
0	115659
3933	0
3264	0
1954	0
3266	0
18721	0
4385	0
3674	0
2659	0
4705	0
808	0
2697	0
2640	0
2064	0
2438	0
11616	0
83	0
8071	0
38339	11
20284	0
943	0
1542	0
421	0
26	0
1435	0
1367	0
1251	0
372	0
2866	0
1083	0
5125	0
44	17
0	3154
22	81340
0	11046
0	10968
123	6276
2	19872
0	2343
5	4919
66	15483
14	786
77	1779
203	2764
18	4432
980	1499
712	0
1828	0
423	0
424	0
125	0
2071	23
2480	0
3753	0
3587	0
2091	0
10239	0
1721	0
3940	0
184	0
3365	0
562	0
45111	0
17227	0
9825	0
32	0
2898	0
1768	0
4369	0
2413	0
2377	0
5553	0
1597	0
2897	0
6256	0
1455	0
1099	0
2362	0
3267	0
2508	0
7921	0
4501	0
1485	218
518	0
0	0
12503	0
839	0
1716	0
5915	0
103	0
16329	0
4497	0
457	0
378	0
1101	1897
6763	1897
4250	564
2200	0
3906	0
5383	0
410	0
3538	0
973	0
0	16684
603	137725
2328	0
1714	0
2469	0
3548	0
1939	0
6121	0
2311	0
5385	0
1384	0
983	0
5500	0
6530	0
1430	0
0	0
340	0
28	0
2918	0
4215	0
5778	0
6302	0
1109	0
3702	0
2030	1
2	0
1168	0
1922	0
1804	0
9	0
1014	0
7160	0
4561	0
0	31
512	0
692	0
3736	0
2216	0
67733	0
2787	0
16693	30238
34	0
329	0
10087	0
197	0
3620	0
5084	0
324	894
451	894
0	9
1013	0
8769	0
2691	0
2692	0
3433	0
1832	0
803	0
1098	0
7822	0
1050	0
1507	0
10577	0
2680	0
1197	0
6135	0
6506	0
4753	0
15663	0
182	0
2686	0
18	0
666	0
284	0
64	3131
56	73
286	657
241	0
79614	16113
7797	0
47497	0
567	0
391036	0
1013	0
19706	0
4988	0
1014	0
1218	0
82	856
0	856
6499	0
821	0
2623	0
15666	0
5287	0
1639	0
2016	0
2673	0
285	0
5337	0
1678	0
945	226
8	226
23464	0
2376	0
1942	0
3312	0
205	0
981	0
4727	0
2351	1
1963	0
927	0
0	64
4752	0
4061	0
3563	0
509	0
4054	0
2279	0
6737	0
1597	0
7023	0
3096	0
1066	0
2799	0
2449	0
4647	0
1837	0
7599	0
4183	0
366	0
0	17
544	0
4172	0
0	6
19698	0
3082	1
10188	0
3861	0
4182	0
2188	0
5482	0
377	0
1070	0
322	5549
0	847
0	4702
2156	0
2717	0
30828	1377
170	0
892	0
10428	0
1869	0
7281	0
389	0
4976	0
2342	0
1488	0
2189	0
1317	0
391	0
816	0
6899	0
3810	0
1753	0
306	0
2115	0
206	222
4312	222
2059	0
2545	0
3287	0
1620	0
3771	0
1172	0
1723	0
470	0
3438	0
6905	0
2073	0
2374	0
1780	0
2704	0
3753	0
101	0
16707	0
9771	9723
907	0
2712	0
2670	0
1464	0
1677	0
2949	0
3725	0
2694	0
297	0
9218	0
1573	0
2267	46600
1781	0
3134	0
1508	0
3313	0
2188	0
754	0
1803	0
4968	0
9793	0
2165	0
57810	0
7443	0
8699	0
4789	0
1936	0
0	0
79	0
27234	0
2948	0
2267	0
5477	0
1204	0
4088	0
1943	0
2817	0
1111	0
2488	0
5819	0
9270	0
1465	0
39335	0
540	0
3075	0
2724	0
168	0
1346	0
0	17
4321	0
1511	0
3789	0
2691	0
2740	0
3114	0
2185	0
1506	0
782	0
2	193
26	193
3261	0
1961	0
1388	0
2361	0
1847	0
3969	0
334	0
1604	0
993	0
4126	0
4957	0
9053	30017
75	0
17	0
701	0
6462	0
3891	0
1342	0
2562	0
2221	0
3554	0
1872	0
1385	0
1143	0
30489	6334
979	0
1491	0
5110	0
2409	2
759	0
5086	0
45123	0
3988	0
1172	1104
120	1363
0	15
1843	0
4026	0
6839	0
720	0
0	64
2703	0
1744	0
3102	0
86	41
1417	41
3894	0
8657	0
3634	0
9380	0
2590	0
8929	0
64	0
53	0
115	0
16393	4640
27151	0
1385	0
17285	0
4620	0
27806	0
2901	0
5469	0
9218	0
7190	0
2769	0
3795	0
1065	0
2095	0
1968	0
92	0
3407	0
2619	0
13201	0
9280	0
1202	0
79351	0
113178	5392
4	0
94	0
8	0
4573	0
2563	0
2067	0
3557	0
2074	0
5651	0
3103	0
2208	0
2301	0
1528	0
3015	0
668	0
4368	0
2975	0
5374	0
2549	0
2878	0
2361	0
3674	0
1291	0
483	0
41	0
2748	1665
63	1665
7766	0
6488	0
1920	0
1490	3
0	34
3279	0
232	0
4881	0
25637	41
0	112050
0	403415
0	20
2778	0
3588	0
211	0
916	0
2162	1598
0	1598
19961	65
3059	0
16687	4975
335	0
183	0
978	0
6333	0
1321	0
0	449403
0	116511
131	0
1067	0
3106	0
2471	0
2970	0
5121	0
171	0
3505	0
3009	0
2838	0
1769	0
704	0
536	0
755	0
4250	0
25560	0
2439	0
1701	0
1716	0
1038	0
9	0
18762	0
15783	0
1587	0
1431	0
23560	0
2025	0
395	0
2023	0
2154	0
1516	0
2727	0
1652	0
1249	0
1112	0
1987	0
1904	0
8269	0
3659	0
1524	0
2508	0
4484	0
2184	0
4930	30866
18559	0
57	0
1791	6
2006	0
5658	0
693	0
0	7
4003	0
1234	0
3479	0
2330	0
19815	0
3083	0
1282	0
4163	0
1111	0
1812	0
4186	0
1420	0
2092	0
5423	0
1526	0
1312	0
8422	0
9	0
7393	0
614	0
0	12
0	2680
761	8000
995	0
2443	0
1637	0
2374	0
7183	0
2717	0
18965	23483
5965	0
1462	0
0	58
2143	0
19	0
1796	0
1056	0
0	16
15413	1668
2275	0
216	0
945	0
2476	0
918	0
7224	0
1127	0
5148	0
1251	0
1911	0
6268	0
5069	0
5932	10929
1443	0
3255	0
2208	0
0	31
6692	0
0	6
254890	0
2833	0
3313	0
56	0
3387	0
14841	4640
1485	0
1942	0
2185	0
450	0
3289	0
50363	0
1320	0
3891	0
2100	0
18002	0
19494	0
1030	0
30	387044
7971	0
2526	0
18	15
2006	0
1815	0
5026	0
1401	0
805	0
1727	0
3219	0
1392	0
2332	0
2121	0
719	0
49	0
22998	0
1958	0
9334	0
1521	0
32287	0
0	0
1151	0
1353	0
3954	0
9856	0
6507	0
3260	0
1039	0
13493	0
0	0
6569	0
199078	280994
4997	0
1982	0
2222	0
4058	0
1457	0
3743	0
2702	0
3422	0
3289	0
7709	0
1847	0
63302	0
71	0
914	0
883	0
4534	0
3061	0
8828	0
3985	0
3161	0
947	0
434	0
23898	1229
1411	0
1388	0
1468	0
0	37
7293	0
2207	0
1484	0
24	80
0	80
1515	0
2451	0
1265	0
658	0
1152	0
20	0
6647	0
859	0
5061	0
2388	0
2179	1
4759	0
2893	0
87	0
3919	0
1543	0
4107	0
24727	0
190	0
2347	0
1167	0
5609	0
3050	0
2742	0
989	0
819	0
102	0
3918	0
1324	0
3069	0
7123	0
205412	245414
5049	0
0	7
1978	0
3351	0
3684	0
99938	0
3487	0
2405	0
1145	0
9234	0
984	0
10540	0
1904	0
6065	0
2594	0
1767	0
98	0
2654	0
1496	0
3084	0
2409	0
1580	0
16465	0
4455	0
3510	0
47088	0
1690	0
4615	0
15739	0
12729	0
711	182
1707	0
1392	0
18	538
12	3851
4236	11567
0	86719
141	45165
0	8133
23	0
3704	5142
19857	0
23	4594
120	14
2090	0
747	0
522	0
9	0
7955	0
2914	0
1856	0
22	0
8446	0
4754	0
14503	0
13288	16242
4639	0
2307	0
1910	0
3603	0
10587	0
13316	0
1450	0
3947	0
1398	0
2971	0
269	0
4266	0
4395	0
2378	0
134	0
2328	0
2861	0
32	0
31706	0
1271	0
1656	0
827	0
4064	0
811	0
1088	0
0	762
0	4795
1929	0
4877	0
411	0
140	0
2991	0
4062	0
4706	0
5254	14741
2572	0
541	0
1116	0
2829	0
5583	0
4959	0
2905	0
8368	0
20718	0
121	0
3449	0
4641	0
21583	253
757	0
2538	0
1584	0
320	0
971	0
4275	0
2006	0
111339	0
19725	0
12951	0
0	31
13228	0
362	75
753	75
23	0
2115	0
3535	0
6369	0
7364	0
8759	0
5736	0
7478	0
5784	1
1971	0
3855	0
1765	0
1223	0
596	0
1501	0
5277	0
908	0
4855	0
15161	0
2139	0
1773	0
13193	0
1850	1300
862	1300
4276	0
2594	0
3387	0
2698	0
10836	0
3706	0
116	0
1633	0
3099	0
61173	93545
0	81825
0	85666
0	5188
1926	5188
2840	0
2073	0
1366	0
1541	0
1204	0
1393	0
3689	0
15799	0
3336	0
2602	861
976	0
9819	0
3909	0
2514	0
21436	0
5684	0
3142	0
6459	0
4789	0
2575	0
2673	0
4572	0
2524	0
2485	0
106	0
2450	0
2170	0
3495	0
2573	0
2250	0
1724	0
2001	0
20	0
1436	0
2662	0
5164	0
1889	0
2163	0
3860	2345
144	0
17831	1848
4087	1465
2924	0
4419	0
5161	0
927	0
1056	0
2826	0
2696	0
4900	0
766	0
2277	0
3160	0
4433	0
752	0
3703	0
2981	0
18863	0
4674	0
2450	0
2356	0
373	0
2647	0
1251	0
2348	0
1677	0
2305	0
3502	0
3098	0
1581	0
0	1
167	0
313	0
1185	0
1154	0
978	0
89	0
2767	2
5473	0
1361	0
2773	0
1469	0
6183	0
254	0
1825	0
1972	0
35	839
16	839
131	0
321	0
44	0
5481	23540
3749	0
19555	0
1328	0
1463	0
8702	0
1355	0
716	0
2159	0
2740	0
2049	0
1608	0
237	0
2162	0
2276	0
22	0
970	0
219	0
3462	0
1443	0
330	0
10674	1
48924	0
6871	0
1429	0
2763	0
1622	0
910	0
1040	0
2260	0
3920	0
1492	0
1034	0
172	0
153740	245414
4017	0
313	0
4471	0
940	0
1205	0
28797	0
1347	0
0	5
2066	0
1396	0
32141	0
1067	0
77	0
2315	0
1871	0
4421	0
637	0
11598	0
863	0
2069	0
18587	0
2311	0
2547	0
3473	0
1320	0
2238	0
7569	0
438	0
6633	0
3424	0
720	0
10146	41672
2531	0
3449	0
3214	0
2846	0
47727	0
1502	0
1418	0
614	1060
0	39
0	102
43	0
6	65
3	274
149	405870
0	115010
95	0
80	0
133	4374
12999	4126
0	23704
0	44403
0	68231
144	3668
417	19
47	47
9	5815
185	865
98	105
229	784
5248	4072
1054	0
1201	0
1808	0
2969	0
230	0
2825	0
1731	0
272	0
939	0
1463	0
1856	0
1291	0
1392	0
721	0
5048	0
2423	0
1807	0
3171	0
667	0
3761	0
19423	13446
2580	0
1942	0
4546	0
2930	0
4396	0
6539	0
2289	0
1656	0
3474	0
3442	0
4191	0
4651	0
18	0
46	0
787	0
18373	11
416	0
1401	0
4510	0
3343	0
2683	0
1794	0
4583	0
6172	0
6203	0
5887	0
1686	0
20243	0
719	0
5125	0
4429	0
4469	0
21008	0
5128	0
3140	0
1160	0
7299	0
12680	0
1655	0
8579	0
5097	0
3512	0
2656	0
3162	160
0	152
1279	0
2271	0
503	0
70	0
0	12
1256	0
919	0
1041	0
1638	0
1116	0
0	16
2021	0
19318	0
1676	0
1550	0
2755	0
2320	0
600	0
6332	0
2102	0
100	0
3414	0
913	0
6383	0
911	7810
2199	0
11577	0
3398	0
5445	0
11661	0
44343	1883
3373	0
448	0
1336	0
2062	0
5137	24532
2617	0
2376	0
7755	44
1781	0
1135	0
3519	0
5137	0
1554	0
321	2658
477	1171
41	0
4444	0
1234	0
11	0
32376	0
10917	6544
20739	0
2409	0
911	0
3698	0
12462	0
12	0
12291	0
3470	0
2858	0
12916	0
2190	0
4252	0
1088	0
2170	0
3833	0
1171	0
2791	0
3436	0
5198	0
5339	0
2109	0
3991	0
798	0
1897	0
3164	0
644	0
3169	0
6529	0
3442	0
1511	0
2226	0
27288	30238
2736	0
1900	0
640	0
0	34
3164	0
3147	0
5293	0
159	0
57951	0
1499	0
2147	0
2788	3
1022	0
1296	0
1079	0
2694	0
1114	0
1973	0
1505	0
2845	0
1677	0
2232	0
2837	0
3292	0
3795	0
912	0
7619	0
3680	0
1794	0
592	0
2118	0
4118	0
5526	0
42	0
670	0
1127	0
3528	0
11257	0
2673	0
190	0
789	0
652	333
0	108
0	225
1405	0
13	0
3203	0
2663	0
1023	0
1186	0
1862	0
1158	0
811	0
1366	0
473	0
3176	0
702	0
14100	0
15113	0
3585	0
3242	0
5374	0
5984	0
1938	657
21	541
1421	0
212	3815
0	67792
10	5815
158	1204
532	0
5479	0
404	0
482	0
4820	0
3672	0
4331	0
2181	0
1398	0
2037	0
1344	0
503	0
1473	0
1273	0
2602	0
6537	0
0	12
1162	0
3476	0
2376	0
4944	0
1315	0
1627	0
3794	0
2340	5877
15520	15
14441	0
2239	0
2450	0
1233	0
1986	0
3085	0
1581	0
1253	0
965	0
3313	0
13629	3913
2671	0
7068	0
1986	0
2249	0
3726	0
269	0
2266	0
9702	0
1526	0
4094	0
1724	0
2119	0
1556	0
992	0
966	0
108877	1734
10119	1734
7723	0
3624	0
2096	0
4316	0
891	0
11098	0
2570	0
30	0
30	0
2435	0
1053	0
2041	0
2764	0
1220	0
4238	0
156	411
4049	411
6398	0
1418	0
2246	42916
935	0
0	0
12118	62
3388	0
8469	0
5566	0
3249	0
1652	0
14772	0
3575	0
3268	0
1557	0
1530	0
1009	0
2310	0
2910	0
6339	0
2309	0
3435	0
541	0
3800	0
3783	0
3789	0
0	31
2	341
183	3910
2192	0
6431	0
2110	0
3689	0
312	0
235	0
951	0
5513	0
1839	0
140	0
1057	0
457	0
0	0
9763	0
1662	0
2189	0
3666	0
3756	0
1483	0
1874	0
3304	0
1931	0
1992	0
1953	0
1940	0
1862	0
15465	0
1389	0
2128	0
1945	0
882	0
3106	0
3852	0
5995	0
67096	0
14427	0
86	0
1556	200
0	200
6367	594
76	594
1877	0
2423	0
1520	0
3583	0
1867	0
3665	0
3508	0
2371	0
2298	0
2163	0
1477	0
2732	0
2314	0
20293	0
1294	0
969	0
2304	0
15276	0
12087	0
3941	0
2835	0
17	0
244388	182588
1609	0
3629	0
1787	0
1493	0
7	0
10	0
1621	0
1305	0
910	0
5582	0
460	0
5460	0
5329	0
2708	0
1053	0
968	0
2852	0
661	0
24631	0
3410	0
2080	0
1160	0
2147	0
36	0
25	0
14974	0
1020	0
1563	0
1426	0
5527	0
1334	0
5347	0
6386	0
1510	0
5648	0
810	0
1802	0
5574	0
16	8
0	8
1422	0
3684	0
2012	0
979	0
7039	0
6687	0
4386	0
3430	0
2158	0
7753	0
2953	0
117	0
2894	0
3788	0
2966	0
51317	317705
75879	0
614	0
1039	0
714	0
1389	0
3734	0
3795	0
53296	0
3594	0
2438	0
1868	0
601	0
2087	0
12058	0
0	115632
128	442677
0	110584
0	407113
1656	0
1834	0
2104	0
2487	0
673	0
2241	0
1380	0
2534	0
3506	0
1500	0
3901	0
1393	0
0	5
2402	0
18099	0
3388	0
17316	628
96	0
5213	0
1748	0
4010	0
2751	0
714	0
1528	0
0	0
676	0
1634	0
1609	0
2416	0
8246	0
2275	0
2139	0
1846	0
1676	0
6812	0
8353	0
2392	0
691	0
3126	0
1465	0
9101	0
4438	0
19458	0
2197	0
4024	0
4048	0
5153	0
4311	0
101	337
1838	337
1474	0
1491	0
3036	0
4307	0
1541	0
3767	0
2224	0
2919	0
4448	0
3718	0
2394	0
306	0
521	0
9234	131
212	0
3783	0
831	0
1034	0
1188	0
1917	0
0	0
1778	0
1076	0
4102	0
12889	0
11398	0
918	0
961	0
541	0
176	0
38049	0
2210	0
6069	0
3188	0
1259	0
3270	0
141	0
2404	0
3109	0
1815	0
2218	0
90	0
19826	0
2057	0
61444	0
2368	0
4646	0
4145	0
6025	23
45	23
47	0
375	0
8022	0
1369	0
2201	0
1038	0
3214	0
566	0
1064	0
1107	0
70026	0
2470	0
31519	0
1643	0
1222	0
2695	0
4673	0
2892	0
13318	41672
457	0
2954	0
12319	0
1251	0
71071	0
2295	0
0	0
1881	0
535	0
4171	0
5490	172
283	4962
0	1966
5	1070
3	1586
71	14386
2	605
1424	0
286	0
742	0
1931	634
3628	0
897	0
22505	0
1990	0
1777	0
4376	0
6921	0
15615	0
9	0
12940	0
1615	0
1	0
1074	0
5999	0
2053	0
2619	0
2937	0
2354	0
11984	0
4033	0
1530	0
4240	0
4684	0
1306	0
2897	0
4446	0
3059	0
4485	0
1517	0
1553	0
1056	0
3881	0
8202	0
2422	0
23	0
1879	0
17841	0
7797	0
20625	3913
3441	0
4488	0
6074	0
28623	0
1928	0
2202	0
8312	0
1895	0
1532	0
2044	0
1487	0
1739	0
3960	0
0	20
24109	3199
12373	3199
872	0
2401	0
3382	0
536	0
8113	0
11142	0
2676	0
1977	0
275335	0
9106	0
4425	0
1692	0
3543	0
4235	0
12162	0
1374	0
2167	0
5784	0
4148	0
3344	0
1734	0
732	0
1189	0
980	0
4965	0
1331	0
1421	0
801	0
1542	0
2956	0
4482	0
3456	0
5320	0
2734	0
3032	0
3044	0
2583	0
18603	0
1467	0
8213	0
2163	0
3098	0
5610	0
5814	0
2771	0
1583	0
1579	0
341	0
7	0
3932	0
3537	0
7453	742
0	742
12713	0
36	0
3207	0
3324	0
1633	0
2919	0
31	0
33	0
8402	0
1346	0
1047	0
8633	0
1080	0
1384	0
1596	0
1458	0
1425	0
3215	0
1641	0
709	0
7390	0
1606	0
4610	0
15157	218
19	0
13021	0
2297	0
964	0
4392	0
3025	0
2241	0
3238	0
3203	0
0	0
714	0
1054	0
1864	0
12637	0
6140	0
4362	0
143	0
6799	0
4326	0
2752	0
10149	0
1212	0
304368	0
2435	0
2100	0
3051	0
25205	0
149	0
5599	0
1192	0
2775	0
1775	0
794	0
1285	0
2657	0
2279	0
5335	0
2662	0
356	0
4557	0
1716	0
2555	0
2028	0
3652	0
52	0
2425	0
311	0
13131	0
3379	0
4142	0
1463	0
0	64
7385	1
19016	0
5325	2
2097	0
802	0
2362	0
3579	0
1128	0
3136	0
2722	0
2440	0
3882	0
3030	0
1136	0
1198	0
1685	0
5556	0
3139	0
1639	0
5671	0
3207	0
1164	0
4756	0
4153	0
6859	0
4057	0
1409	0
24	0
9170	14741
3232	0
3460	0
1577	0
3619	0
37019	0
5891	0
2652	0
2945	0
1105	0
291	0
2136	0
2017	0
3426	0
1746	0
1773	0
2659	0
5770	0
4618	0
786	0
2129	0
1674	0
5970	0
2825	0
1670	0
3114	0
1625	0
2359	0
1992	0
3197	0
1872	0
0	7
2903	0
6349	0
2786	0
2365	0
2827	0
9	0
847	0
2931	0
3386	0
1083	0
4857	0
3631	0
271	0
99414	0
6848	0
2138	0
596	0
4456	0
11735	0
1713	0
1714	0
2232	0
1280	0
5872	0
2857	0
1216	0
3863	0
10026	62
4593	0
1289	42916
1134	0
1585	0
183	0
2550	0
2276	0
3790	0
2344	0
10071	0
2662	0
3982	0
26661	0
3062	0
3976	0
3398	44
40	0
0	6
2206	0
2355	0
2278	0
2099	0
1607	0
2112	0
10018	0
2558	0
2985	0
586	0
3485	0
1779	0
2452	0
860	0
2484	0
3431	0
2392	0
5131	0
5538	0
1066	0
13544	16230
4572	0
645	0
3255	0
965	0
1982	0
4063	0
2641	0
2401	0
821	0
692	0
272	0
839	1912
329	1728
0	71021
19	0
0	73639
227	4164
1768	0
2584	0
4458	0
1766	0
5795	0
786	0
1342	0
6026	0
1001	0
741	7
653	7
4751	0
19245	0
1839	0
6864	0
176	0
30252	16242
5710	0
279	0
4341	0
3532	0
30345	0
1032	0
2869	0
1993	0
2149	0
696	0
1117	0
2953	0
3	0
10194	0
2694	0
4901	0
16518	0
735	322
8628	53649
2642	0
2244	0
5366	0
8078	0
452	0
15817	0
132	0
2150	0
2763	0
2356	0
671	0
3651	0
3115	0
2894	0
1081	0
4102	0
966	0
0	0
1179	0
1598	0
1930	0
2782	0
1096	0
3047	0
3442	0
2020	0
1597	0
45410	0
5469	0
3419	0
3069	0
1141	0
3620	0
776	0
709	0
9	0
15	0
1331	0
1469	0
2048	0
2880	0
2320	0
5485	0
3959	0
1467	0
2293	0
6194	0
1253	0
4978	0
2586	0
16847	0
649	0
14632	0
38596	11969
910	0
483	0
2136	0
3305	0
8119	0
1510	0
0	17
2	213504
1154	0
288	303
634	0
1852	0
4071	0
1220	0
6397	0
193423	4653
2685	0
856	0
1573	0
28528	1229
2114	0
1431	0
2427	0
1860	0
192	0
888	0
2714	0
20037	0
2412	0
76153	0
2835	0
11152	0
15997	0
1123	0
2107	0
2645	0
2831	0
1316	0
873	0
1575	0
396	0
3263	0
3665	0
890	0
3372	0
70872	0
4045	0
2430	0
6699	0
1350	0
759	0
2351	0
4111	0
2625	0
1923	0
3165	0
1354	0
2272	0
15103	0
2844	0
1401	0
45568	0
5542	0
2713	0
4123	0
3053	0
2619	0
1604	0
2546	0
673	0
5706	0
1277	0
1537	0
1546	0
1484	0
6	0
4353	0
2885	0
1	0
863	0
30487	0
145355	2
65	0
358	0
8461	0
0	7
6920	0
1911	0
1621	0
3126	0
1889	0
1213	0
3162	0
3794	0
351	0
218	0
2351	0
2256	0
1001	0
3400	0
34147	0
3132	0
377	0
2799	0
41046	4659
1784	0
8653	0
1251	0
4918	0
854	0
1021	0
946	0
1636	0
1917	0
1351	0
1369	0
306	0
907	0
2180	0
2407	0
25100	0
1205	0
3795	0
10880	0
809	0
0	146
1424	109174
5	74362
0	6329
0	1899
0	1578
0	1091
0	23903
0	6196
0	2562
0	1768
0	2528
125	2111
35480	0
111	910
0	610
2	450019
0	300
0	2562
12	89
8	878
4082	0
1363	0
1194	0
2602	0
60657	10114
905	0
1944	0
3242	0
1792	0
612	0
9976	0
880	0
5523	0
15865	0
58007	0
50445	2130
2074	0
3009	0
1706	0
9546	1539
2744	0
1192	0
5037	0
5590	0
3546	0
1537	0
10219	0
1947	0
4081	0
4244	0
4216	0
9291	0
2144	0
1803	0
3399	0
2457	0
1832	0
167	0
4796	0
3361	0
6627	0
2925	0
1480	0
1840	0
2671	0
1974	0
2547	0
1719	0
5752	0
1089	0
3621	0
3641	0
2436	0
2409	0
5235	0
3107	0
6943	0
1686	0
1530	0
156	405530
4757	0
4093	0
0	0
5752	0
1824	0
741	0
104	0
53910	3846
1433	0
1391	0
2215	0
4806	0
1017	0
1463	0
11476	0
601	0
2384	0
0	0
2898	0
6550	0
105780	18
3803	0
1903	0
2414	0
1965	0
22	0
16948	588
124	115194
0	31
6055	0
14413	0
11742	0
2205	0
7	1104
1228	1104
3980	0
1194	0
5130	0
1157	0
1506	0
3356	0
2329	0
2664	0
5062	0
838	0
1239	0
1354	0
2962	0
1311	0
4562	0
2197	0
3626	0
1023	0
1841	0
1063	0
3092	0
214	0
39947	0
1760	0
12567	9407
1478	0
1151	0
2670	0
2790	0
2748	0
16838	4
2628	0
25	0
1602	0
2008	0
2143	0
85827	0
6989	0
422	0
238691	0
21974	0
3680	0
1291	0
1708	0
400	0
146	0
3941	0
5996	0
1451	0
1872	0
1380	0
5941	0
397	0
2352	0
1743	0
2146	0
1507	0
2415	0
1546	0
3061	0
15390	0
1020	0
2032	0
0	0
2315	0
200	0
7477	0
8	506
1377	506
19	0
16	0
25	0
11111	41
5539	0
2052	0
2335	0
38091	0
219	0
13671	65
42	0
1422	0
0	0
11132	4975
2942	0
351	0
2821	0
18543	0
4531	0
6046	0
1671	0
1652	0
56955	0
99520	0
2500	0
2987	923
61	923
21956	0
1929	0
1498	0
640	0
2305	0
979	0
742	0
1988	0
21	0
3275	15
281	0
2119	0
2684	0
3913	0
3130	0
6970	0
1899	0
5875	0
743	0
510	0
5715	0
4	0
4227	0
1582	0
1919	0
1571	0
4670	0
110	0
2039	0
3799	0
7683	171
78	0
4316	0
885	0
19883	0
1498	0
518	0
885	0
731	0
2039	0
2124	0
3161	0
13878	0
2380	0
3038	0
885	0
1408	0
9923	9
12	0
5087	0
317	0
2809	0
5113	0
0	16655
78	134049
371	0
2742	0
22	0
41477	0
3136	0
64	0
2138	0
2219	0
1834	0
6135	0
3279	0
2604	0
1164	0
952	0
0	58
2254	0
1646	0
4763	0
7770	0
3286	0
1199	0
14012	6952
1849	0
1506	0
2731	0
4843	0
4489	0
2183	0
1456	0
2204	0
31483	9411
2101	0
2164	0
53	0
601	0
12994	0
7168	349
2769	0
4700	0
3273	0
3130	0
687	0
1410	0
1222	0
920	0
1808	0
1748	0
853	565
23	4203
12	5119
33	76351
36	79690
3039	0
5342	0
976	0
7034	0
3215	0
7580	0
4235	0
5717	3
676	5888
0	5672
0	216
4352	0
1975	0
2537	0
639	0
8517	0
5285	0
3016	0
3467	0
1838	0
1553	0
3186	0
6919	0
1885	0
838	0
2042	0
5142	0
2854	0
2108	0
3308	0
29	0
2350	0
817	0
18	0
6210	0
3532	0
2787	0
2713	0
2287	0
617	0
1333	0
3484	0
5257	0
2826	0
0	0
3327	0
1106	0
3196	0
8990	3
3930	0
5122	0
1567	0
3204	0
1326	0
1833	0
4013	0
1468	0
1979	0
1404	0
9389	0
12305	349
7169	0
3147	0
9624	0
7264	0
1456	0
3389	0
1676	0
2515	0
1657	0
34670	9411
2885	0
2138	0
770	0
3223	0
8243	0
4241	0
3473	0
7685	2830
22	0
2193	0
928	0
62	0
1562	0
6456	0
3042	0
742	0
2988	0
6082	0
209	0
2216	0
0	114244
0	438894
2132	0
2073	0
1716	0
1	449320
5213	0
668	0
678	0
3360	0
2234	0
2950	0
3829	0
1594	0
2270	0
39871	0
3957	0
15676	12016
2922	0
14747	7660
2200	0
3086	0
1780	0
2277	0
2210	0
11879	0
1827	0
3818	0
2264	0
1938	0
3714	0
10097	0
1259	0
5944	0
934	0
9326	0
40	0
6650	0
1778	0
1353	0
6392	0
676	0
3697	0
5316	0
3359	0
109	0
2375	0
681	0
2967	0
3476	0
9758	176
110	0
8005	176
304	0
982	0
2488	0
3331	1
0	20
5167	0
1820	0
7	0
12	0
20	0
15	0
6	0
10	0
8	0
3125	0
3941	0
1606	0
618	0
781	0
4378	0
6229	0
2838	0
4032	0
1119	0
2170	0
542	0
2615	0
6478	0
1829	0
2455	0
898	0
6975	0
2082	0
32	0
3390	0
849	0
1344	0
1422	0
3772	0
6259	0
3687	0
517	0
1812	0
0	1
3783	0
3634	1
2970	0
220	268984
0	8763
7465	0
1617	0
3040	0
0	416339
789	0
1153	0
5394	0
958	0
3535	0
25411	0
624	0
1587	0
4979	0
27787	0
833	0
2584	0
1590	0
2177	0
1958	0
863	0
218	0
949	0
4463	0
4918	0
1572	0
3696	0
2057	392
25	392
1934	0
1597	0
2321	0
3472	0
4092	0
1093	0
13	0
15257	0
276	0
721	0
3975	0
1240	0
3241	0
2921	0
5987	0
3030	0
7663	0
3139	0
1424	0
2950	0
40014	0
1612	0
1409	0
5472	0
1861	0
127	0
2769	0
658	0
3089	0
7526	0
88	0
1376	0
0	9
3098	0
1244	0
30723	0
5267	0
2098	0
1383	0
725	0
1947	0
2118	0
1848	0
28242	0
51	0
558	0
942	0
3349	0
36075	0
2398	11969
381	0
18272	0
2151	0
2634	0
4640	0
1342	0
1798	0
2648	0
2602	0
1554	0
5429	0
793	0
501	0
926	0
7669	0
3326	0
1482	0
528	0
2258	0
2204	0
247	0
27294	7205
16694	2159
1332	0
533	0
8930	0
1097	1251
0	1251
5689	0
1190	0
3336	0
3324	0
748	0
1612	0
559	0
1123	0
1095	0
0	8
67	0
347	0
1625	0
1912	0
3300	0
1206	0
1272	14
2161	0
683	0
1214	0
1272	0
739	2302
1593	2302
5124	0
3255	0
21238	0
1218	0
444	0
26	0
2801	0
2249	0
4638	0
1534	0
1692	0
5319	0
1490	0
22	0
184	0
4619	0
3186	0
2239	0
19072	6281
1492	0
2575	0
17448	0
1342	0
2677	0
1696	0
1615	0
6227	7327
1081	0
1386	0
10234	0
7092	0
2799	0
1263	0
3809	0
5066	0
1484	0
63	0
8910	0
3681	0
1173	0
19259	0
758	0
2257	0
3056	0
2179	0
2066	0
1538	0
3584	0
1590	0
3727	0
3539	0
2781	0
12528	0
1766	0
4016	0
3745	0
1676	0
1168	0
919	0
1464	0
1002	0
6999	0
2572	0
1023	0
4100	0
10000	1042
20	0
2213	0
816	0
941	0
1488	0
6404	0
4291	0
3551	0
2570	0
1563	0
2900	0
8309	0
13071	13550
22	0
12141	0
852	0
1964	0
34803	3
1829	0
2288	0
48	0
9184	0
987	0
12414	0
1688	0
2714	0
145	0
2694	0
509	0
1241	0
2710	0
2182	0
5788	0
5614	0
1840	0
1539	0
4803	0
2989	0
3479	0
1593	0
1052	0
1697	0
2141	0
2675	0
0	0
10718	0
11	0
2110	0
995	0
2326	0
8313	0
3934	0
3436	0
1409	0
1279	0
1215	0
1365	0
1057	0
1045	0
3772	0
1244	0
1588	0
1677	0
1906	0
3207	0
2471	0
1342	0
1223	0
1525	0
10179	0
6184	0
34650	0
3554	0
1586	0
12821	0
4367	0
2415	0
1547	22933
3980	0
3627	0
731	0
21459	0
6572	0
6442	0
1441	0
4942	0
887	0
3511	0
5437	0
6666	0
43	0
1334	237
89	237
3802	0
4377	0
52597	0
1724	0
52	2967
56	1097
61	1373
50	893
0	86497
930	18385
9	786
82	1779
190	2764
97	3960
2975	1113
4320	0
3102	0
266	0
15719	0
1477	0
1277	0
1978	0
7590	0
2310	0
2159	0
366	0
1339	0
1460	0
2443	0
1536	0
3200	0
2898	0
3448	0
1387	0
1386	0
9987	0
5146	0
3010	0
4187	0
1682	0
17764	4118
3008	14395
2815	0
2528	0
2535	0
2962	0
1535	0
5071	0
3496	0
1699	0
1737	0
3250	0
7828	0
19	0
2886	0
6959	0
1604	0
0	6
272	289994
0	49981
3817	0
0	12
1825	0
681	0
4091	0
3730	0
2953	0
1383	0
168	0
32541	0
1040	0
1940	0
1531	0
3507	0
3461	0
393	118
81	0
16899	118
4189	0
1931	0
2553	0
3689	0
2752	0
1529	0
685	0
1749	0
2911	0
2573	0
4665	0
8910	0
13905	0
3117	0
2119	0
1736	0
1089	0
1203	0
3397	0
7383	0
3033	0
1482	0
8082	0
9663	0
1339	0
16624	0
4605	0
12516	0
4486	0
1433	0
2141	0
1835	0
2085	0
3326	0
2101	0
1052	0
5431	0
3035	0
2246	0
2318	0
1875	0
585	0
331	0
8738	0
20196	0
3340	0
2122	0
4325	0
5477	0
2628	0
554	0
1476	0
4090	0
353	0
479	0
17956	56143
18019	0
2444	0
3901	0
526	0
1265	0
2936	0
5156	0
3482	0
2953	0
280	0
325	0
495	0
1549	0
8028	0
4533	0
10741	0
7834	0
1915	0
920	0
4422	0
958	131
132	131
3073	0
2092	0
1551	0
6903	0
41568	0
2694	0
3415	0
2421	0
1763	0
1683	0
3549	0
2432	0
1791	0
3662	0
1290	0
1559	0
3763	0
273	0
6292	23540
3915	0
25953	0
1774	0
1467	0
4175	0
2081	38
460	38
2080	0
7539	0
2747	0
1603	0
1958	0
3658	0
937	0
2001	0
36	0
175	0
145	0
1404	0
159	0
3668	0
4209	0
3	387
1929	387
804	0
6405	0
2955	0
3757	0
9406	0
11705	0
1092	0
2484	0
3546	0
2924	0
21	0
1415	0
429	0
1502	0
1652	0
6141	0
4793	0
3913	0
740	0
6341	0
1810	0
7522	0
706	0
3229	0
4459	0
3557	0
4549	0
2515	0
3417	0
1774	0
1499	0
1767	0
69276	290
6671	0
1742	0
2844	0
1507	0
2594	0
7680	0
73	0
2328	0
7307	3197
3475	0
5311	0
315	0
552	0
5688	0
1459	0
5139	0
4999	0
757	0
4011	0
3210	0
1666	0
1177	0
2160	0
3511	0
17834	0
2781	0
2818	0
3319	0
2666	0
4557	0
2661	0
1709	0
20111	0
1337	0
26700	11
2449	0
6	0
8603	9723
11358	0
8958	0
9041	0
2145	0
1895	0
4486	0
4354	0
2777	0
2302	0
31213	0
3	30
0	102367
832	386479
2769	0
1913	0
600	0
1274	0
2305	0
3587	0
2976	0
1866	0
2492	0
4319	0
2801	0
0	0
95	8
1573	0
3617	0
36	0
1241	0
3376	0
1718	0
11773	0
3548	0
0	0
1603	0
160	686
5	632
2335	0
35459	26208
13940	29107
1360	0
2093	1
2227	0
1335	0
140	0
29	0
1555	0
1077	0
3079	0
2444	0
2433	0
2064	0
11	632
250	686
7923	0
5769	0
3799	18
460	0
2055	0
5472	0
485	0
3674	0
8577	0
2717	0
4103	0
8123	0
2422	0
4380	0
2205	0
14830	0
0	61
923	0
1494	0
632	0
3500	0
1523	0
1589	0
1413	0
515	0
1990	0
1746	0
3154	0
1277	0
1959	0
17817	0
4503	0
3991	0
638	0
1542	0
5695	0
1593	0
2451	0
1334	0
2934	0
2807	0
2137	0
2289	0
2193	0
2679	0
1861	0
1033	0
3260	0
1942	0
2077	0
9485	0
5219	0
1325	0
2169	0
5534	0
1723	0
1477	0
3282	0
3210	0
1935	0
1616	0
1331	0
1383	0
1675	0
8027	0
74	0
5191	0
3769	1
2702	0
45	0
1553	0
3583	0
10180	0
4641	0
15960	0
2908	0
1002	0
2296	0
531	0
626	0
459	0
3244	2661
1203	0
15741	0
1927	0
2583	0
1227	0
700	0
178	723
274	1619
1640	0
2714	0
119	3
13	18
0	0
58	686
152	0
4212	0
619	0
465	0
49	3143
235	0
591	0
1308	0
7853	0
113	884
161	1287
63	0
27331	4116
457445	0
2979	0
958	0
2173	0
2443	0
2444	0
1713	0
1217	0
4679	0
1601	0
24365	0
3482	0
435	0
5355	0
10074	0
2487	1
2263	0
2582	0
1654	0
2375	0
1326	0
184	0
4542	23
6482	0
2257	0
35985	0
7667	0
3020	0
2494	0
3229	0
3967	0
16047	4118
24716	14395
8640	0
656	0
1118	0
1116	0
2495	0
274	0
1568	0
4570	0
3098	0
4172	0
8286	0
0	6
1440	0
993	0
2249	0
811	0
0	113734
6	447842
3728	0
1994	0
5276	0
3335	0
3523	0
11	0
45	0
7695	0
1489	0
963	0
1843	0
1724	0
4058	0
1200	0
2775	0
1525	0
2247	0
4521	0
790	0
76012	22933
76	0
735	0
1986	0
8181	0
2756	0
984	0
2148	0
1708	0
3095	0
2131	0
2284	0
2352	0
1773	0
1549	0
3211	0
988	0
4438	0
957	0
3029	0
1836	0
23364	0
2630	0
4412	0
5474	0
5270	0
7728	0
69187	0
4440	0
1783	0
41254	0
0	58
1799	0
2033	0
1771	0
1855	0
30	0
6647	2
4819	0
2012	0
964	0
3139	0
1481	0
1636	0
1450	0
4232	0
21830	0
12238	660
35	0
9167	0
5226	0
11	0
1854	0
1193	0
1351	0
3024	0
11937	0
787	0
854	0
7037	0
2167	0
1699	0
83	0
1896	0
2139	0
4169	0
3700	0
1	0
2827	0
3182	0
1378	0
6087	0
1279	0
830	0
2817	0
3257	0
2441	0
2551	0
917	0
731	0
1677	0
5074	0
2567	0
4085	0
1097	0
9730	0
1214	0
2973	0
4479	0
1066	0
1787	0
1725	0
2113	0
11828	0
5030	0
13	0
68521	0
24534	3482
37796	0
157	0
1511	0
4539	0
563	0
1802	0
1559	0
1769	0
1982	0
6836	0
2706	0
2500	0
1220	0
2783	0
3600	0
1755	0
6355	0
565	0
27	0
1976	0
1877	0
2822	0
91	0
2209	0
3305	0
79	0
2179	0
3508	0
1158	0
1780	0
2512	0
2380	0
376	0
6654	0
49	0
7024	0
1953	0
1453	0
5066	0
4538	0
4543	0
2835	0
5290	0
1972	0
3808	44
3658	0
3586	0
2176	0
3876	0
831	0
3806	0
2926	0
102042	0
1126	0
1682	0
2632	0
2853	0
2871	502
0	502
3178	0
9790	1764
136	0
0	8
1134	0
1794	0
1480	0
1980	0
546	0
2791	0
1835	0
2032	0
3209	0
925	0
1448	0
4582	0
6329	0
2142	0
4712	0
3073	0
2915	0
4033	0
1845	0
1208	0
1170	0
19960	3197
1126	0
3838	0
10709	0
1219	0
1949	0
2586	0
1349	553
60	553
2216	0
2950	0
4686	290
3879	0
2262	0
839	0
2057	0
2350	0
554	0
2623	0
3146	0
6283	0
2853	0
2121	0
3929	0
13955	0
5141	0
3739	0
2033	0
1811	0
3409	0
14213	0
1374	0
3846	0
2353	0
2742	0
664	107740
1135	0
11337	0
3090	0
6003	0
1839	0
3527	0
5964	0
1	0
0	114706
0	414014
2605	0
1227	0
5459	0
2493	0
2191	0
1478	0
2387	0
7936	0
1228	0
11109	0
1112	0
3541	0
804	0
5139	0
2245	0
871	0
2321	0
3897	0
22	0
1954	0
2259	0
3371	0
4608	0
1867	0
12264	0
6299	0
2808	0
1401	0
6467	0
1952	0
9974	0
4005	0
0	64
1178	0
1605	0
1412	0
724	0
1511	0
7055	9407
68	0
36938	0
105	0
4283	4
383	0
7225	0
2024	0
1854	0
1156	0
3031	0
2986	3239
392	586
150	125034
0	15060
0	5
1475	0
3400	0
1941	0
4224	0
4400	0
7339	0
8934	0
509818	0
4590	0
2180	0
4048	0
3415	0
1994	0
10415	0
2257	0
2230	0
5635	0
1795	0
347	0
1739	0
2341	0
3624	0
2746	0
3500	0
6195	0
6980	0
166	0
1525	0
4386	0
6287	0
5933	0
1533	0
2817	0
33770	0
2703	0
3969	0
3218	0
8378	4
92	47
619	171
2110	0
6409	0
1950	0
5747	0
4006	0
555	0
3487	0
2207	0
2053	0
5865	0
13272	0
1672	0
1449	0
3724	0
1869	0
1789	0
5932	0
246	0
2801	0
1592	0
556	0
8417	0
3666	0
6832	0
3109	0
5261	0
1205	0
1483	0
3648	94
20	0
1653	0
18798	0
6290	0
83	0
3019	0
3539	0
2216	0
3363	0
4729	0
483	0
45	0
1128	0
1075	0
1459	0
2282	0
4273	0
779	0
7620	0
2432	0
1686	0
1814	0
2926	0
5122	0
2512	0
2297	0
15464	1042
4	0
2982	0
874	0
1489	0
1142	0
916	0
9599	0
3801	0
1394	0
1174	0
50705	0
3734	0
738	0
1875	0
8141	0
2310	0
1172	0
7855	0
3618	0
17166	13550
669	0
63	0
4000	0
7460	0
49	0
8994	0
1854	0
3445	0
3485	0
4078	0
10617	0
2564	0
8137	0
4646	0
1728	0
2755	0
3266	0
16249	0
2124	0
11705	0
2655	0
6257	0
2532	0
912	0
1913	0
5113	0
1978	0
141	0
0	14544
261	128109
0	8
3996	0
0	0
2296	0
2199	0
439	0
1059	0
1998	0
180	0
1260	0
2467	0
2836	0
4522	0
1095	0
2126	0
1646	0
1776	0
7078	0
8061	0
7839	0
2633	0
896	0
2335	0
1368	0
35189	0
6047	0
1843	0
2782	4
1776	0
8285	0
40671	1
114	0
175	0
4502	0
858	0
1761	0
1919	0
33	0
28304	0
78462	0
4419	0
1318	0
2330	0
68746	16113
33	660
798	2116
98	1734
22	1170
207	1373
498	915
23	0
0	1240
74	1734
19	458
616	1658
13	242
18	418
34004	0
7104	2967
50184	0
1873	0
5013	0
1790	0
2924	0
1073	0
2786	0
42119	0
2845	0
2719	0
10229	0
80	0
2884	0
2710	0
378	0
5167	0
0	0
0	452578
457	0
2060	0
939	0
2462	0
1338	0
4722	0
42015	0
19453	7327
2045	0
163	1845
0	1845
2042	0
2830	0
1854	0
3240	0
7081	0
3591	0
1346	0
11481	6281
2488	0
9709	0
2056	0
3524	0
8774	0
1400	0
5322	0
23209	0
1531	0
1946	0
2566	0
1458	0
10857	0
7254	0
3188	0
687	0
2850	0
9268	0
1173	46600
1331	0
8689	0
4200	0
1967	0
2606	0
10390	0
1970	0
7797	0
1870	0
5583	0
490	0
2083	0
5545	0
7280	0
9757	0
2649	0
2808	0
64	0
18	0
3711	0
2045	30017
26	0
2799	0
4122	0
928	0
1596	0
217	0
1915	0
4098	6
212	0
308	0
4168	0
42151	0
1338	0
2329	0
1133	0
3276	0
5256	0
2919	0
6043	0
3043	0
6735	0
3403	0
2043	0
2246	0
2264	0
1833	0
258	0
2565	0
4727	0
1800	0
1849	0
766	0
1478	0
1324	0
2699	0
1481	0
2786	0
13956	0
5585	0
2763	0
1395	0
2980	0
2453	0
26039	0
1236	0
9	0
1581	0
2270	0
3102	0
1854	0
614	0
692	0
3868	0
7561	0
752	0
25	124
19046	4
2506	0
1973	0
2143	0
2241	0
3919	0
8131	0
1279	0
2105	0
1131	0
58898	0
294	0
4853	0
1576	0
3295	0
3670	0
2811	0
647	0
1520	0
1641	0
19	0
1329	0
204	0
1466	0
2977	0
5178	0
2673	0
2498	0
1316	0
2819	0
1015	0
2674	0
929	0
629	0
1052	0
19588	0
7686	0
1517	0
1832	0
2337	0
2631	0
986	0
1499	0
1444	0
617	0
2386	0
11779	0
7430	0
7756	0
5500	0
5257	0
5256	53891
2535	0
2021	0
3787	0
2660	0
3107	0
3980	0
1285	0
4347	0
5454	3076
36	0
16105	11224
7752	0
1062	0
1262	0
5793	0
3828	0
1107	0
1620	0
3373	0
986	0
542	0
1009	0
4109	0
1406	0
3598	0
4307	0
43	0
13543	0
1157	0
4	4767
2284	0
3250	0
3125	0
311	0
2928	0
1754	0
4505	0
1779	0
1490	0
4517	0
7012	0
16348	218
1042	0
462	0
3260	0
4346	0
2762	0
1130	0
1549	0
2056	0
53	0
1389	0
14379	0
3304	5392
1164	0
1438	0
3175	0
4669	0
3426	0
1620	0
10756	0
548	0
8855	0
1705	0
3220	0
3589	0
270	0
2470	0
3381	0
1499	0
2431	0
2016	0
2887	0
1522	0
2544	0
4954	0
2341	0
4564	0
6374	2
1979	0
2099	0
3700	0
1532	0
8248	0
1324	0
1943	0
1938	0
1288	0
2041	0
2027	0
6127	0
1145	0
1009	0
816	0
6413	0
2149	0
7779	0
1272	0
1527	0
3273	0
328	0
570	0
2205	0
7002	0
976	0
3058	0
3995	0
1055	0
2004	0
2695	1
3704	0
4863	0
2137	0
2063	0
699	0
9128	0
4757	0
1156	0
1186	0
1982	0
9935	0
4885	0
40378	0
25285	0
86013	0
1404	652
217	652
2214	0
7054	0
1643	1
16719	131
1978	0
767	0
1058	0
1969	0
2087	0
1708	0
2136	2885
1236	2885
2118	0
1781	0
1742	0
3695	0
4112	0
1444	0
397	0
2802	0
4431	0
335	0
1379	0
788	0
1191	0
1069	0
3728	0
2007	0
1036	0
0	42
3962	0
1744	0
33904	0
6403	0
1040	0
3011	0
8252	706152
2085	0
1646	0
2578	0
1672	0
1839	0
4053	0
6520	0
3809	0
3043	0
46	0
159	0
66	0
1219	0
700	0
3429	0
54	0
2918	0
2638	0
180	1697
514	1697
1755	0
3941	30866
7292	0
2764	0
3357	0
2268	0
1339	0
5263	0
0	7
2147	0
5113	0
2387	0
3374	0
10524	0
4619	0
4538	0
174	0
2588	0
2671	0
1942	0
1750	0
17016	0
3039	0
4477	0
2960	0
4086	0
1617	0
4746	0
1508	0
14947	23483
4368	0
1212	0
1579	0
2147	0
3960	0
0	440150
7296	0
1958	0
1664	0
1447	0
3179	0
2669	0
53	0
38292	1668
2273	0
2808	0
7508	0
18820	0
70	0
1073	0
171	0
1870	0
1653	0
3026	10929
1049	0
1485	0
57	438748
59	394902
0	113365
0	31
7029	0
4	0
0	37
11753	0
2817	0
1883	0
13501	0
2537	0
7321	0
986	0
17164	0
1732	0
7617	0
5872	0
2162	0
1138	0
6952	0
1433	0
1802	0
2459	0
1864	0
2333	0
2135	0
8961	0
1010	0
4759	0
4064	0
3545	0
1388	0
4786	0
1828	0
2974	0
2558	0
3031	0
565	0
86	0
1641	0
316	0
912	362
3781	0
2366	0
240	0
522	0
13	6305
0	2351
2	67332
0	0
12	0
0	0
10	2
6	2
2	2
2	4
0	4
1	4
0	0
0	0
1	0
0	0
1	6
1	10
11	20
8	20
0	0
0	0
1	0
68	0
1	0
0	0
0	0
0	0
0	0
0	0
0	0
0	0
0	0
0	0
0	0
0	0
0	0
0	0
0	0
0	0
0	0
2	0
0	0
0	0
0	0
0	0
8	0
0	0
0	0
