gene_id	baseMean	LFC_MLE	lfcSE	stat	pvalue	padj	LFC_apeglm	is_transgene	direction
YEL070W	41387.4077465174	6.65330183280577	0.109393024111567	60.8201655164066	0	0	6.65042259786222	FALSE	up_in_cellobiose
YMR175W	20714.1189717301	6.57283824334462	0.107837254800275	60.9514611209099	0	0	6.56952447132683	FALSE	up_in_cellobiose
YGR144W	108450.515097705	-5.89253018655432	0.101045327992182	-58.3157114103312	0	0	-5.88601817929716	FALSE	down_in_cellobiose
YDR345C	51010.0799246191	-5.31998430893421	0.0660350608663218	-80.5630257493626	0	0	-5.31654842386849	FALSE	down_in_cellobiose
YJR010W	31664.6654263074	-5.19396008908457	0.100293061281122	-51.7878308104073	0	0	-5.18898673338939	FALSE	down_in_cellobiose
YLR134W	18630.8219822093	-5.19390229391187	0.0806715674885162	-64.3833069767888	0	0	-5.19128608844427	FALSE	down_in_cellobiose
YPL223C	12069.9277618998	5.12813855378893	0.118854473843273	43.146365365692	0	0	5.12399215598967	FALSE	up_in_cellobiose
YNR073C	15588.792167852	4.86243187255895	0.069811568406447	69.6508040651599	0	0	4.86084974752861	FALSE	up_in_cellobiose
YHR094C	8426.20565566246	-4.83607872760442	0.082225029197294	-58.815165829866	0	0	-4.83359706929236	FALSE	down_in_cellobiose
YFR053C	192975.187793282	4.74842085688539	0.0712373057161397	66.6563791141469	0	0	4.73952472872089	FALSE	up_in_cellobiose
YKR097W	10791.8804288613	4.62616189448558	0.0605802244745064	76.3642250357191	0	0	4.62463360242366	FALSE	up_in_cellobiose
YKL001C	16063.930763014	-4.41348735670832	0.105824082989506	-41.7058880363365	0	0	-4.40801558750056	FALSE	down_in_cellobiose
YHR033W	15965.2048849768	4.38655381045433	0.0766846307663467	57.202515896828	0	0	4.38394021773421	FALSE	up_in_cellobiose
YBR050C	2262.7021444095	4.23366711173408	0.0784821715105046	53.9443166549923	0	0	4.23093540116143	FALSE	up_in_cellobiose
YGR292W	2452.85267821364	4.11229002671217	0.0761430757509139	54.0074062698053	0	0	4.10956564986229	FALSE	up_in_cellobiose
YDR343C	123696.375236629	4.07912313732319	0.0853067897523264	47.8170981368097	0	0	4.08096170841463	FALSE	up_in_cellobiose
YLR092W	19790.4630728428	-4.04309105168133	0.0912375837484214	-44.3138768649304	0	0	-4.03847753135621	FALSE	down_in_cellobiose
YDR119W-A	2310.49230758581	4.00093968498537	0.0818138329766077	48.9029732432818	0	0	3.99778592984968	FALSE	up_in_cellobiose
YJR137C	30407.433737385	-3.9883968250791	0.079468858430215	-50.1881731267284	0	0	-3.98506505808765	FALSE	down_in_cellobiose
YLR327C	14984.9415397619	3.97010595953003	0.0980873831869474	40.4751949795958	0	0	3.96584010937584	FALSE	up_in_cellobiose
YFR030W	29965.304582035	-3.85139348157921	0.0757401381359625	-50.850098459888	0	0	-3.8466993740692	FALSE	down_in_cellobiose
YLR004C	21640.0560871765	-3.80105120148273	0.095259338165484	-39.9021374143872	0	0	-3.79601248426611	FALSE	down_in_cellobiose
YPR167C	7788.33464229114	-3.78460831575027	0.0858401583751991	-44.0890183264587	0	0	-3.7806912399239	FALSE	down_in_cellobiose
YNR071C	4398.08863889845	3.72934916754615	0.0959016603957013	38.8872220997888	0	0	3.72457298494914	FALSE	up_in_cellobiose
YNL277W	14568.0732333412	-3.6258627293691	0.0901397325294234	-40.2249111199164	0	0	-3.62097890378767	FALSE	down_in_cellobiose
YDR261C-D	3291.98901502233	-3.59206499446025	0.0781554222846009	-45.9605346559301	0	0	-3.58877867891519	FALSE	down_in_cellobiose
YER091C	97820.3511772397	-3.57273434531337	0.0655605553831207	-54.4951812020984	0	0	-3.57040425208594	FALSE	down_in_cellobiose
YHL047C	10011.3001787699	-3.50829610259088	0.0783557678876379	-44.7739355655575	0	0	-3.50522521746878	FALSE	down_in_cellobiose
YKR069W	12187.3009156088	-3.41521938428628	0.0732187909525285	-46.6440286688228	0	0	-3.41217586322529	FALSE	down_in_cellobiose
YPL250C	20159.3676649556	-3.38695462966582	0.0714718938055533	-47.3886229862662	0	0	-3.38420529856674	FALSE	down_in_cellobiose
YPR121W	8054.47198881133	-3.3845868940018	0.0829842586580751	-40.7858905861594	0	0	-3.38100805802066	FALSE	down_in_cellobiose
YBR092C	19116.6399131613	-3.2582718876704	0.080311955867041	-40.5701972078052	0	0	-3.25450767064312	FALSE	down_in_cellobiose
YIL074C	21333.1536981999	-3.22510925351223	0.0840002697073955	-38.3940345042521	0	0	-3.22106446281698	FALSE	down_in_cellobiose
YDL049C	2712.24310607462	3.18289398678272	0.0743685913398062	42.7989011145766	0	0	3.17970454659187	FALSE	up_in_cellobiose
YPR030W	5105.21716921607	3.16535980894221	0.0730912481701822	43.3069606578908	0	0	3.16229599569844	FALSE	up_in_cellobiose
YJL116C	15554.5359720648	3.16507264586371	0.0737382627493435	42.9230704366152	0	0	3.16184776928788	FALSE	up_in_cellobiose
YJL213W	2333.83848435022	-3.0990993730309	0.0630900864487591	-49.1218121177873	0	0	-3.09659127230656	FALSE	down_in_cellobiose
YDL204W	3771.38714465248	3.08449028622637	0.0606347919167532	50.8699739657908	0	0	3.08228265626369	FALSE	up_in_cellobiose
YGL184C	3451.23181704854	-3.01975329380342	0.0745644501831417	-40.4985658230758	0	0	-3.01630723222315	FALSE	down_in_cellobiose
YBL075C	8232.73843385475	3.00734031988801	0.0547041487616246	54.9746296755775	0	0	3.00549699065015	FALSE	up_in_cellobiose
YKL148C	12031.0107566343	2.98090424003597	0.0628890850117798	47.3993895678021	0	0	2.97865291983267	FALSE	up_in_cellobiose
YMR174C	5019.61969750715	2.97374341280794	0.0645137111079518	46.0947504295937	0	0	2.97123090032711	FALSE	up_in_cellobiose
YHR018C	54383.9037843593	-2.88399738515702	0.0546052020229989	-52.8154329315059	0	0	-2.88271959471086	FALSE	down_in_cellobiose
YOR178C	5527.26336275499	2.83531822620253	0.0524532016049663	54.0542452976613	0	0	2.83349343202134	FALSE	up_in_cellobiose
YMR206W	2416.31733342517	2.76163841186607	0.0633137127763157	43.6183299125546	0	0	2.75894671002053	FALSE	up_in_cellobiose
YAL012W	15737.2148604191	-2.72197780702571	0.0690640645711618	-39.4123604500725	0	0	-2.71787034357709	FALSE	down_in_cellobiose
YLR180W	24627.838797119	-2.65921329824227	0.0674214464187825	-39.4416530568745	0	0	-2.65425109841303	FALSE	down_in_cellobiose
YHR008C	9500.6291509132	2.58361373097087	0.059676947746342	43.2933289744068	0	0	2.58112041171281	FALSE	up_in_cellobiose
YJL088W	8197.38495377185	-2.53656571115054	0.0536150442733229	-47.3107081329532	0	0	-2.53446860241408	FALSE	down_in_cellobiose
YDR019C	11774.5600118997	-2.49073621156196	0.0634358850265724	-39.2638363998331	0	0	-2.48769581908575	FALSE	down_in_cellobiose
YOL158C	4294.93303675299	-2.46584143727055	0.0583986201291026	-42.2243099549146	0	0	-2.46328667812401	FALSE	down_in_cellobiose
YOL058W	36022.5183161894	-2.45052813685877	0.0421621475900066	-58.121520769962	0	0	-2.44917543456267	FALSE	down_in_cellobiose
YNL144C	3937.34210148079	2.45006521280367	0.0606864118480132	40.3725502661085	0	0	2.4473767129367	FALSE	up_in_cellobiose
YIL136W	11553.6467559462	2.40173756732805	0.0555320035504412	43.2496112830954	0	0	2.39945016246516	FALSE	up_in_cellobiose
YNL284C-B	5753.33789466299	-2.39912255429442	0.0526052071796569	-45.6061801277763	0	0	-2.39699258910793	FALSE	down_in_cellobiose
YJR077C	12927.3021547437	2.34698523355568	0.0575623763629476	40.7729037932217	0	0	2.34448414036519	FALSE	up_in_cellobiose
YKL217W	2400.28550053335	2.31862751397803	0.0583332926734024	39.7479279450177	0	0	2.31587891145244	FALSE	up_in_cellobiose
YHR029C	3877.68089724399	-2.24494335829885	0.0551741726381605	-40.6883012640984	0	0	-2.24250041089279	FALSE	down_in_cellobiose
YHR096C	10701.3713360086	2.20486394537675	0.0536425113116064	41.1029217586181	0	0	2.20258488143604	FALSE	up_in_cellobiose
YHL028W	5669.21380420199	-2.19834837979005	0.0562978943782104	-39.0485009087818	0	0	-2.19571993733217	FALSE	down_in_cellobiose
YMR062C	14926.4817533496	-2.15152175796474	0.051324391186973	-41.920063895679	0	0	-2.14934301933812	FALSE	down_in_cellobiose
YER069W	19702.3870728856	-2.11162371590107	0.0484652901038873	-43.569814838098	0	0	-2.10963260110728	FALSE	down_in_cellobiose
YIR034C	8082.90329615413	-2.10311631555578	0.0479450998784188	-43.8650940531765	0	0	-2.10115265369546	FALSE	down_in_cellobiose
YER175C	6345.99206826664	-2.08813680186418	0.0484078835379572	-43.1362961825598	0	0	-2.08674169393632	FALSE	down_in_cellobiose
YMR189W	9495.8930464144	-2.06818576742924	0.0463337744251394	-44.6366779544535	0	0	-2.06633119938628	FALSE	down_in_cellobiose
YOR092W	8511.26418277781	1.91835121709327	0.0437315122540721	43.8665648228216	0	0	1.91668213338674	FALSE	up_in_cellobiose
YIL121W	11393.448753867	-1.58359402085272	0.0418482540344429	-37.8413402754954	0	0	-1.58182568557637	FALSE	down_in_cellobiose
YGR138C	6714.6916344674	-2.36618217772707	0.0630939981398631	-37.5024922732246	8.38829086993551e-308	7.46064458549559e-306	-2.36308352240839	FALSE	down_in_cellobiose
YGL187C	4169.69012004348	3.23260039699283	0.0862882046693188	37.4628306311515	3.71334181888392e-307	3.2548248290739e-305	3.22828591771357	FALSE	up_in_cellobiose
YER052C	21196.0815697471	-1.95410700449038	0.0523516582080607	-37.326554141307	6.08860228869729e-305	5.26055237743446e-303	-1.9519174673434	FALSE	down_in_cellobiose
YLL041C	11640.0508612482	2.41064311237366	0.0645851876093825	37.325015248906	6.44883879140885e-305	5.49332070569588e-303	2.40765169017898	FALSE	up_in_cellobiose
YBR213W	1768.22028487471	-3.22698917466583	0.0871682791216789	-37.0202234939301	5.41444344526573e-300	4.54813249402321e-298	-3.22241369292512	FALSE	down_in_cellobiose
YOR184W	21219.9457026247	-1.67384399674264	0.0453587108607541	-36.9023714514538	4.23358091113877e-298	3.50749278774895e-296	-1.67159620339109	FALSE	down_in_cellobiose
YKL211C	9029.86484365092	-1.65744057672522	0.045457178161089	-36.46158084982	4.5087581670124e-291	3.68499586406635e-289	-1.65536189586888	FALSE	down_in_cellobiose
YLR179C	31605.2898386753	-1.9334601647815	0.0530387123137453	-36.4537538797003	5.99897848600574e-291	4.83757625111502e-289	-1.93109757259469	FALSE	down_in_cellobiose
YEL071W	96987.9977789901	-1.65920095804204	0.0455714070238695	-36.4088156675298	3.08759530246509e-290	2.45707584069853e-288	-1.66043037690823	FALSE	down_in_cellobiose
YOL119C	4988.78047331262	-1.77375702026854	0.0489805226671191	-36.2135176123645	3.7303716158776e-287	2.93003734192568e-285	-1.77147811788071	FALSE	down_in_cellobiose
YOL064C	11536.6378205043	-2.75074789752518	0.0764706443791996	-35.9712922501984	2.35223127813992e-283	1.82388394489619e-281	-2.74695073443179	FALSE	down_in_cellobiose
YBR039W	13912.7890934106	2.00815952484203	0.0559267688535339	35.9069469952963	2.37994817591893e-282	1.82201602126046e-280	2.00657711095364	FALSE	up_in_cellobiose
YEL069C	2133.20865673978	4.31262200256087	0.12124065543176	35.5707579046222	3.96917305630607e-277	3.00069483056739e-275	4.30598161029303	FALSE	up_in_cellobiose
YIL155C	2204.39879338311	2.86656371007453	0.0806346681221549	35.5500156053463	8.30405822672048e-277	6.20036347595129e-275	2.86239229614392	FALSE	up_in_cellobiose
YGL162W	3397.17801697882	2.1440457445729	0.0606054063058136	35.3771367153961	3.83726493826327e-274	2.83021687153857e-272	2.14118364408693	FALSE	up_in_cellobiose
YGR201C	9457.86912015172	2.42030144635807	0.0686672327605181	35.2468178643378	3.83853425225727e-272	2.76374466162524e-270	2.41674605589506	FALSE	up_in_cellobiose
YHR001W-A	2962.1821789032	3.37223214291082	0.096248009141335	35.0369028200768	6.17250173410593e-269	4.34084773114798e-267	3.3671432960085	FALSE	up_in_cellobiose
YMR118C	2307.15159269741	2.24928291234001	0.0642316390628373	35.0183016525479	1.18483509969084e-268	8.23664676198877e-267	2.24605242212949	FALSE	up_in_cellobiose
YBL099W	20064.5473722258	1.78240451231347	0.0510062166890283	34.9448484521079	1.55057140393482e-267	1.06566543761338e-265	1.77992843116349	FALSE	up_in_cellobiose
YKL109W	4682.09999093176	2.62961632102315	0.0753679183515494	34.8903933999802	1.03980819392249e-266	7.06602242341933e-265	2.62577948686563	FALSE	up_in_cellobiose
YBL045C	10804.9028579667	2.00267097111379	0.0574895219037493	34.8354083456586	7.08195047603957e-266	4.75907071989859e-264	1.99998090623051	FALSE	up_in_cellobiose
YMR265C	1548.89896773329	-2.64103896751607	0.0758991668454383	-34.7966792954962	2.73045193230772e-265	1.81470036116451e-263	-2.63696817700587	FALSE	down_in_cellobiose
YNL195C	1147.42559811566	2.84840020505721	0.0826986639808025	34.4431223909304	5.7078493277909e-260	3.75229051461732e-258	2.84398078583927	FALSE	up_in_cellobiose
YDR178W	6195.34732212689	2.1067331856244	0.0611933320095109	34.4274958797302	9.78058284201734e-260	6.3605338740345e-258	2.10363991732292	FALSE	up_in_cellobiose
YDR529C	6798.1530877168	2.48485110402968	0.0723948528184716	34.3235880354696	3.49081413487641e-258	2.24600466890772e-256	2.48106839376214	FALSE	up_in_cellobiose
YOR047C	2471.92517451017	-1.92121748500414	0.0560386943893877	-34.2837659930915	1.36991853662569e-257	8.7213340100128e-256	-1.91836529019355	FALSE	down_in_cellobiose
YOL052C-A	9783.04128595053	3.43981753399727	0.100410876961371	34.2574194957046	3.38187007440758e-257	2.13057814687678e-255	3.43436546580435	FALSE	up_in_cellobiose
YEL024W	2557.20904983043	2.35023290295424	0.0686595259735512	34.2302523885701	8.58079690328031e-257	5.35017110010714e-255	2.34663917533543	FALSE	up_in_cellobiose
YDL059C	2022.1932343718	-3.27662726233921	0.0957606381480198	-34.216848652099	1.35805853784615e-256	8.38116126213623e-255	-3.27121883909828	FALSE	down_in_cellobiose
YDR277C	7415.09081011648	1.8543731598041	0.054259730097133	34.1758640613306	5.52219966954394e-256	3.37356197993957e-254	1.85170046665983	FALSE	up_in_cellobiose
YKL068W-A	6199.50620695673	-2.91788648261657	0.0855245662979254	-34.1175244601895	4.05520517305403e-255	2.45258808866308e-253	-2.9129689992338	FALSE	down_in_cellobiose
YER055C	15181.660955437	-1.67690576897103	0.0492243522007653	-34.0665888731585	2.30575140121702e-254	1.38071133411491e-252	-1.67456680923384	FALSE	down_in_cellobiose
YDL222C	2277.7080076221	2.47387537491511	0.0728896535363351	33.9400073246596	1.71282280137009e-252	1.01560316693003e-250	2.47002085199992	FALSE	up_in_cellobiose
YIL101C	2840.13656951366	2.21617470755638	0.0653271260179067	33.9242645841929	2.92352688793597e-252	1.71664957458609e-250	2.2128524568015	FALSE	up_in_cellobiose
YOR222W	4099.24349846206	-1.71129720615103	0.0506133680939735	-33.8111702618502	1.35148041111168e-250	7.85937839077255e-249	-1.70878863052442	FALSE	down_in_cellobiose
YLR452C	1672.29229702334	-2.24745128599126	0.0666411927925838	-33.7246557543815	2.5157913894689e-249	1.44909584033409e-247	-2.24374168477114	FALSE	down_in_cellobiose
YGR055W	13486.7068786655	-2.04702759200131	0.0610354568911278	-33.5383348674313	1.33190801381932e-246	7.59941478073516e-245	-2.04378120579742	FALSE	down_in_cellobiose
YGR155W	27895.9985911901	-1.76850678199286	0.0530294459430128	-33.3495240341255	7.40128824300402e-244	4.18345713025124e-242	-1.77166617858429	FALSE	down_in_cellobiose
YLR058C	40953.3026344755	-1.93090812560643	0.0579263335161176	-33.3338571319927	1.24844531588415e-243	6.99129376895123e-242	-1.9322397265961	FALSE	down_in_cellobiose
YKL163W	26352.1834917456	1.85616218398711	0.0561567665939087	33.0532239758342	1.39822829416148e-239	7.75824286521892e-238	1.85341513521628	FALSE	up_in_cellobiose
YPL274W	17730.6746899518	-1.73966375916578	0.0529514680965353	-32.8539287332735	1.00097881207047e-236	5.50356350491111e-235	-1.73694409374273	FALSE	down_in_cellobiose
YAL039C	6762.85732891453	2.2467084449237	0.0691484622233357	32.4910832820444	1.42505154508903e-231	7.76460517540399e-230	2.24317742520539	FALSE	up_in_cellobiose
YDR536W	1988.02911116006	1.95860516203272	0.0603244194633397	32.4678659066583	3.03135472167063e-231	1.63693154970214e-229	1.95542958081578	FALSE	up_in_cellobiose
YDL048C	5088.53690493428	2.06270869895813	0.0638038241876661	32.3289195470649	2.74493862738449e-229	1.46914945295765e-227	2.05929245713673	FALSE	up_in_cellobiose
YJL166W	3766.48347220721	2.18009869092664	0.067794269336111	32.157566004851	6.92325913507279e-227	3.67297116218598e-225	2.17646890346646	FALSE	up_in_cellobiose
YBL030C	6510.06056510488	2.40531663626628	0.0753891300172026	31.9053507543783	2.25066856016201e-223	1.18365595233564e-221	2.40136497660351	FALSE	up_in_cellobiose
YBR158W	8828.17429516395	-1.7233921131178	0.0545191340673392	-31.6107756038302	2.62552413002283e-219	1.36889396020501e-217	-1.72044995567924	FALSE	down_in_cellobiose
YMR045C	6042.70587940153	-1.77199258333542	0.0564814358363287	-31.3730087965589	4.72461894287252e-216	2.44226456123872e-214	-1.76892446980369	FALSE	down_in_cellobiose
YJL060W	9799.62872793554	-2.78655398286683	0.0888537809844106	-31.3611188178445	6.86282335184567e-216	3.51748776542056e-214	-2.78116009222089	FALSE	down_in_cellobiose
YKL085W	14293.3972779322	1.84213071503539	0.0589733310509109	31.2366739712414	3.38685933389595e-214	1.72132144969771e-212	1.83928808823094	FALSE	up_in_cellobiose
YPL264C	1558.30364999207	-2.02235907513886	0.0649459446491941	-31.1391124736525	7.1219196754754e-213	3.5894475164396e-211	-2.01867294188172	FALSE	down_in_cellobiose
YDR070C	7825.8003843315	1.9920136824754	0.064318491591496	30.9710883011251	1.32158125625169e-210	6.55157658836903e-209	1.98831098638182	FALSE	up_in_cellobiose
YMR114C	3723.81802979023	1.56511531908158	0.0508052316987373	30.8061840631361	2.16550440772453e-208	1.06479436243235e-206	1.5623923707684	FALSE	up_in_cellobiose
YGL191W	5364.34598511946	2.12607388996761	0.0694674746846112	30.6053142081267	1.04006727782113e-205	5.0728442711792e-204	2.12241015441949	FALSE	up_in_cellobiose
YKL141W	9069.639797827	1.9767123627806	0.0646491212096964	30.57601287988	2.55126238810547e-205	1.23440279386095e-203	1.97382357487728	FALSE	up_in_cellobiose
YGR256W	4132.99238478474	1.91306575447175	0.0628356332289298	30.4455554303377	1.371690389185e-203	6.58411386808798e-202	1.90991250731722	FALSE	up_in_cellobiose
YGL009C	46936.8604056403	-1.50746778549014	0.0495422204253322	-30.4279415122729	2.34604679485608e-203	1.11723551301493e-201	-1.50484405652308	FALSE	down_in_cellobiose
YGL157W	1970.33144038837	-2.18570002001506	0.0719067855720748	-30.3962971314335	6.14809737200572e-203	2.9049760082727e-201	-2.18117406127574	FALSE	down_in_cellobiose
YLR303W	100836.163831265	-5.23759797870411	0.173120495055786	-30.2540607743546	4.61354108759165e-201	2.16299972850809e-199	-5.2258148497597	FALSE	down_in_cellobiose
YJR004C	4342.31604602901	-1.81853514202658	0.0601706851133754	-30.2229422616685	1.18342722616492e-200	5.50566758757341e-199	-1.81509272035096	FALSE	down_in_cellobiose
YPL134C	2963.19212996369	2.2821096629435	0.0755394096252411	30.2108485393954	1.70616601577844e-200	7.87701684231146e-199	2.27783865702267	FALSE	up_in_cellobiose
YMR256C	1774.77763469483	2.76596711104159	0.0916118361711263	30.1922461839418	2.99421853338914e-200	1.37189649166193e-198	2.76059092201864	FALSE	up_in_cellobiose
YFR033C	7450.14011685575	1.97385541780634	0.0656728241921001	30.0558936224914	1.82855060241547e-198	8.31509326572087e-197	1.97041193448623	FALSE	up_in_cellobiose
YDR253C	2278.57737744241	-3.05488142589181	0.101767108571624	-30.0183572941132	5.65338198177876e-198	2.55161598699984e-196	-3.04838143464264	FALSE	down_in_cellobiose
YGR236C	704.783891677696	4.19325613755904	0.140681937557212	29.8066419212753	3.20431004917306e-195	1.43553090202953e-193	4.18428481974571	FALSE	up_in_cellobiose
YNR044W	1778.04522446372	-2.02434377080605	0.0680622554839951	-29.7425313988027	2.16609146340088e-194	9.6327361548886e-193	-2.02030147812043	FALSE	down_in_cellobiose
YPL186C	3671.40101692775	2.26242553982185	0.0761608662798217	29.7058798085292	6.44686560186575e-194	2.84603234745139e-192	2.25791524117752	FALSE	up_in_cellobiose
YDL004W	5859.05281821959	1.95895742075709	0.0664581867116171	29.4765403283965	5.75462688905509e-191	2.50388369964066e-189	1.95511729179179	FALSE	up_in_cellobiose
YGL117W	15481.914058342	-1.70348347733047	0.0578053764765954	-29.4692912867748	7.12706845838268e-191	3.07889357402132e-189	-1.70048439492978	FALSE	down_in_cellobiose
YJR109C	20313.89783811	-1.99462707193707	0.0679814318187249	-29.3407628903112	3.13450638564419e-189	1.34450316456568e-187	-1.99101261729199	FALSE	down_in_cellobiose
YPL036W	5803.65379335798	1.75870724041255	0.0604024091540968	29.1165081830725	2.21894120302885e-186	9.45081436332287e-185	1.75538594642109	FALSE	up_in_cellobiose
YHR126C	1111.88247598672	2.83258705114521	0.097357272075094	29.0947660176876	4.18118616370794e-186	1.76837859567172e-184	2.82644415044984	FALSE	up_in_cellobiose
YNL052W	2451.4367828758	3.03371219214913	0.104882582618931	28.9248425848884	5.81658866490088e-184	2.44296723925837e-182	3.02704277802585	FALSE	up_in_cellobiose
YPL057C	5130.41066370714	1.51992918862194	0.0528038947849905	28.7844143847886	3.36155089299175e-182	1.40211446902166e-180	1.51704488052506	FALSE	up_in_cellobiose
YML081C-A	3486.76975618702	2.0199621822116	0.0701846607784778	28.7806788521377	3.74360877253783e-182	1.55077711344581e-180	2.01582642938207	FALSE	up_in_cellobiose
YGL186C	6134.4047663411	-1.51161482797753	0.052591013331758	-28.7428351768364	1.11318821167184e-181	4.54902858391301e-180	-1.50870654761905	FALSE	down_in_cellobiose
YKL096W-A	24156.4608836515	2.4610871650213	0.0865638917454918	28.4308747607742	8.40079493001741e-178	3.40993340515069e-176	2.45333911319306	FALSE	up_in_cellobiose
YDR354W	10743.9388243851	-1.74303012726996	0.0613093116576129	-28.4301043372344	8.58706401169643e-178	3.462304209516e-176	-1.7392310942302	FALSE	down_in_cellobiose
YCR020C	5142.42522469762	-3.12705087686399	0.110271614943038	-28.3577136190424	6.72391441838474e-177	2.67541015805203e-175	-3.11932754424148	FALSE	down_in_cellobiose
YFL011W	957.2393502719	2.25660176871741	0.0798538920899375	28.2591331450176	1.09925407502677e-175	4.34528669657641e-174	2.25158551872348	FALSE	up_in_cellobiose
YLR130C	20477.87563711	-1.74622581812072	0.0618170467043418	-28.2482892861666	1.49390566177152e-175	5.86697496259361e-174	-1.74234423416835	FALSE	down_in_cellobiose
YER054C	2697.28756858914	2.18284935965797	0.0773219182985453	28.2306674186462	2.45873931852788e-175	9.59384219255266e-174	2.17807738548858	FALSE	up_in_cellobiose
YHR112C	9979.21414605158	-2.04376155456124	0.0727314057903896	-28.1001244558825	9.76184239867407e-174	3.76048553039368e-172	-2.03910857169713	FALSE	down_in_cellobiose
YJR111C	3491.48632596408	-1.50822256575211	0.0537451860977307	-28.0624680135919	2.81419251894185e-173	1.07723014902281e-171	-1.50514498884782	FALSE	down_in_cellobiose
YEL072W	2151.59309952013	-2.81449104363858	0.10038397034588	-28.0372556887424	5.71317076095921e-173	2.1731608026592e-171	-2.80298588503196	FALSE	down_in_cellobiose
YDL170W	6549.6055770048	-1.55241656419944	0.0553754300000775	-28.0343929464253	6.19123982721268e-173	2.34028865468639e-171	-1.55014424797912	FALSE	down_in_cellobiose
YIL164C	1612.67242414952	-1.90251628599255	0.0679461079597738	-28.0003718111256	1.60792517713959e-172	6.04020588282003e-171	-1.89828526146426	FALSE	down_in_cellobiose
YGL125W	5070.86645083088	-1.91711366602929	0.068793931130215	-27.8674824149898	6.6142566607311e-171	2.46932248667294e-169	-1.91292019371648	FALSE	down_in_cellobiose
YDR298C	7494.6700429192	1.65836327453181	0.0600359790713614	27.6228238496887	5.92012082562909e-168	2.18322504593931e-166	1.65499075588542	FALSE	up_in_cellobiose
YKL150W	9044.27397206508	1.79545019515798	0.0650436033409445	27.6037935005941	1.00195194892216e-167	3.67260932550377e-166	1.79131912308707	FALSE	up_in_cellobiose
YGL224C	2299.72845075108	-1.72750488403406	0.0632593138102919	-27.3083089268825	3.37963658954239e-164	1.22395461638038e-162	-1.72343565846333	FALSE	down_in_cellobiose
YDR377W	5455.06692823882	1.7507370134058	0.0642412357318188	27.2525425991868	1.55045895590371e-163	5.54862471319861e-162	1.74689201976988	FALSE	up_in_cellobiose
YIR017C	5516.06908372965	-2.55677671741709	0.0941348602582442	-27.160785179932	1.88842419004411e-162	6.71834676552165e-161	-2.55013010156569	FALSE	down_in_cellobiose
YCL040W	50843.7155596759	1.88878055688829	0.0699128521824377	27.0162137279068	9.53247027628416e-161	3.37148422403313e-159	1.88653426318501	FALSE	up_in_cellobiose
YDR170W-A	1839.25400349012	-1.83695203923531	0.0681362246588436	-26.9599915233473	4.35588136223681e-160	1.53164944644234e-158	-1.83252793483161	FALSE	down_in_cellobiose
YDR516C	9295.80579772143	1.66863442448474	0.0619057901614364	26.9544160591976	5.06336941346772e-160	1.77013053252328e-158	1.66516962275918	FALSE	up_in_cellobiose
YPR191W	6057.43631964553	1.80042060065624	0.0673426706311629	26.7352123665719	1.83473930696026e-157	6.30483143664526e-156	1.79620088111095	FALSE	up_in_cellobiose
YGR088W	3495.73718771043	1.5166920147252	0.0568132405717629	26.6961011106101	5.22390497730726e-157	1.77495378105361e-155	1.51335977672712	FALSE	up_in_cellobiose
YPR184W	7173.92036544905	1.53371260554177	0.0574700746540496	26.6871517876774	6.63561622220336e-157	2.24202273250759e-155	1.53031183945132	FALSE	up_in_cellobiose
YBR256C	10383.6697986575	-1.69461368961026	0.0637075213913497	-26.5998998642624	6.80617950062006e-156	2.27424163645028e-154	-1.69057886465781	FALSE	down_in_cellobiose
YGR243W	3884.22813157533	2.53822249829695	0.0954340029930614	26.5966261362996	7.42631045936011e-156	2.46782009111044e-154	2.531190732973	FALSE	up_in_cellobiose
YKL128C	2574.33984355625	-1.52054592999506	0.0573724370472471	-26.5030737450262	8.93306664681989e-155	2.95230530491621e-153	-1.51705043340544	FALSE	down_in_cellobiose
YDL223C	6805.64310737002	2.33540533697091	0.0886351092618319	26.3485356583927	5.33460179273834e-153	1.74398225094494e-151	2.32890825475185	FALSE	up_in_cellobiose
YLR256W-A	8617.92423048014	-1.77984171367135	0.0677302303769584	-26.2783945036875	3.38699781864241e-152	1.10132058102953e-150	-1.77561286628286	FALSE	down_in_cellobiose
YPL054W	3172.10138905772	1.56195701686115	0.0594608491660111	26.2686631416962	4.37536730053913e-152	1.41509205527597e-150	1.55835059229351	FALSE	up_in_cellobiose
YML120C	4503.59111459574	2.02567199184861	0.0772762126736378	26.2133963578633	1.86967149621549e-151	6.01477298356983e-150	2.02046456895561	FALSE	up_in_cellobiose
YBR240C	6153.35286001064	-2.41218441602532	0.0921233459485761	-26.1842901078715	4.01252446830849e-151	1.28400782985872e-149	-2.40566019669604	FALSE	down_in_cellobiose
YBR117C	3699.91132972406	1.54808604942632	0.059214907160418	26.1435189830227	1.16779936056949e-150	3.7172897540654e-149	1.5444961277619	FALSE	up_in_cellobiose
YLR227W-B	16832.2759031322	-1.63320664231528	0.0624993895904881	-26.1315614923036	1.59698366070631e-150	5.05683621987005e-149	-1.6293234303337	FALSE	down_in_cellobiose
YML018C	6561.08043332141	-1.58481208603078	0.0608679525012734	-26.0368883937343	1.89387476776129e-149	5.93479512716078e-148	-1.58038253471586	FALSE	down_in_cellobiose
YMR096W	21137.5282675499	-2.54346624719808	0.0986949954172286	-25.7709748751261	1.87631601929415e-146	5.8494635488098e-145	-2.53523184833523	FALSE	down_in_cellobiose
YGR174C	1616.95107706147	1.95604029093966	0.0759648703142061	25.749274406039	3.28431124758081e-146	1.01864176540353e-144	1.95099903194508	FALSE	up_in_cellobiose
YNL191W	2641.95986430753	-1.50579135270945	0.0585184418991291	-25.7319112375728	5.13853354890791e-146	1.58560463794873e-144	-1.502131077063	FALSE	down_in_cellobiose
YPL271W	4742.38569181051	2.19575189992799	0.0861134164160769	25.4983716976076	2.05494799068613e-143	6.30879464348715e-142	2.18981999068158	FALSE	up_in_cellobiose
YLR038C	2113.30451572312	2.6767110054237	0.105083492158197	25.4722311796992	4.00471370220698e-143	1.22325800358322e-141	2.66925292984067	FALSE	up_in_cellobiose
YKL016C	9664.14648314454	1.559513867641	0.0614188162134312	25.3914673676169	3.13310977224033e-142	9.47452395125477e-141	1.55582589997124	FALSE	up_in_cellobiose
YHR138C	4138.97138651435	1.78484011874396	0.0708738906526805	25.1833235385739	6.10114713750193e-140	1.82671969740652e-138	1.78014159860708	FALSE	up_in_cellobiose
YDR502C	17309.4982869531	-2.88050752692658	0.114448782557316	-25.1685292107325	8.85979401453325e-140	2.63960759605404e-138	-2.87180641560401	FALSE	down_in_cellobiose
YMR081C	2206.71970555854	1.81082927496125	0.0720289971420142	25.1402816478337	1.8050865073191e-139	5.35155058640487e-138	1.80607626732069	FALSE	up_in_cellobiose
YLR395C	1986.82002907687	2.39423309004283	0.0953251088176854	25.1164999414995	3.28428168015518e-139	9.68943200077e-138	2.3870202684501	FALSE	up_in_cellobiose
YJR029W	15179.5673859088	-1.81534482789944	0.0723004123870828	-25.1083606298181	4.03041340905418e-139	1.18329807271649e-137	-1.81036567341208	FALSE	down_in_cellobiose
YHR051W	3273.09048354357	1.81528769432211	0.0723227216713518	25.0998255094869	4.99518439553214e-139	1.45946257121635e-137	1.81058508333086	FALSE	up_in_cellobiose
YKL178C	2612.0684809877	-1.56947624626644	0.0629126284057398	-24.9469190214797	2.30626957122719e-137	6.70592229172213e-136	-1.56534648495842	FALSE	down_in_cellobiose
YBR021W	2166.16216948551	1.5588168150549	0.0629779649026998	24.751781316898	2.96635497823187e-135	8.54310233730778e-134	1.55488833540059	FALSE	up_in_cellobiose
YHL036W	4079.18123165783	-2.61546999758678	0.105799156936766	-24.721085435019	6.34633480881781e-135	1.81050155300614e-133	-2.60741129701098	FALSE	down_in_cellobiose
YHR139C	1991.00739270017	2.39541870136069	0.0970989015817984	24.6698846468694	2.25192903476849e-134	6.39420976632857e-133	2.38836997979129	FALSE	up_in_cellobiose
YFR017C	2273.48453796298	2.10292530968646	0.0853113081307264	24.6500183359521	3.67845358924348e-134	1.03959286484788e-132	2.09689482542966	FALSE	up_in_cellobiose
YLR295C	5630.68553807856	1.82644651602168	0.074127851499578	24.6391400677798	4.81156670567608e-134	1.35350490399669e-132	1.82169057272188	FALSE	up_in_cellobiose
YJL101C	5315.26804365812	-1.88098237139188	0.0766597751870833	-24.5367582516575	5.98913378849681e-133	1.66922954621331e-131	-1.87554836795666	FALSE	down_in_cellobiose
YNR014W	2507.10722621255	1.99589189742316	0.0816305842713416	24.4502953793492	4.99611565945904e-132	1.38607832607377e-130	1.99013920944904	FALSE	up_in_cellobiose
YKL201C	6718.27015213766	-1.53108259165636	0.0626397555180348	-24.4426655084173	6.02245691924831e-132	1.65562815670972e-130	-1.52719751353124	FALSE	down_in_cellobiose
YIL165C	1035.97932117945	-1.81831029366344	0.074569367077275	-24.3841454598798	2.51927951267982e-131	6.89439026818441e-130	-1.81305086534151	FALSE	down_in_cellobiose
YOL077W-A	4122.4513491432	2.13725361826888	0.0881531037064295	24.2447914867119	7.50386149824032e-130	2.017037970727e-128	2.13089335251824	FALSE	up_in_cellobiose
YDL085W	2264.42873145974	1.6898008781932	0.0698860761110593	24.1793640768707	3.66804682823056e-129	9.81608283944179e-128	1.68505101875406	FALSE	up_in_cellobiose
YDL174C	5565.46525035388	1.83135307064777	0.0765160793603822	23.9342251453097	1.3489360215842e-126	3.53175976560226e-125	1.82609300482635	FALSE	up_in_cellobiose
YHL016C	1642.70284945955	-1.64968114226563	0.0696672912188685	-23.6794213382425	5.87602665132581e-124	1.5122642207327e-122	-1.64472208233979	FALSE	down_in_cellobiose
YJL026W	24360.842040042	1.50666896297915	0.0637121297695902	23.6480709156624	1.23551054473327e-123	3.16625753158763e-122	1.50269435099604	FALSE	up_in_cellobiose
YML091C	5301.28456011586	1.7610675124219	0.0746741585500593	23.5833593121955	5.71117925897748e-123	1.45743511216438e-121	1.75614824662851	FALSE	up_in_cellobiose
YPL171C	588.507120592261	2.19390328112928	0.093226046220553	23.5331580612029	1.86753209204962e-122	4.72587200532054e-121	2.18717699019128	FALSE	up_in_cellobiose
YJR027W	7605.17451057768	-1.94921830888565	0.0829005128179301	-23.5127412681585	3.02147722873283e-122	7.61412261640674e-121	-1.94294675960809	FALSE	down_in_cellobiose
YDL181W	3145.48860127723	2.25444251704019	0.0965684155619449	23.3455473398966	1.52943251438038e-120	3.80658759134672e-119	2.24753844546547	FALSE	up_in_cellobiose
YIL057C	1183.63656337517	6.18527453924898	0.265676424791244	23.2812322136188	6.86920948103352e-120	1.69571342617513e-118	6.16392007642568	FALSE	up_in_cellobiose
YEL073C	1434.09130655004	-2.13912190607051	0.0920116614202258	-23.2483782278525	1.47729471953754e-119	3.63198311535083e-118	-2.13202809912364	FALSE	down_in_cellobiose
YMR107W	2748.3299867074	1.99440812609934	0.08580864180844	23.2425089602475	1.69367007624214e-119	4.14709174943825e-118	1.98837321436621	FALSE	up_in_cellobiose
YPR010C-A	3864.25096088855	2.50678775840145	0.10821094965032	23.1657495521667	1.00878212371716e-118	2.45024670049854e-117	2.49840157523701	FALSE	up_in_cellobiose
YER060W-A	1219.84425253373	-2.11663784204257	0.0922073338183199	-22.9552005723653	1.30738562391516e-116	3.10081107977995e-115	-2.10930530255747	FALSE	down_in_cellobiose
YDL130W-A	5148.74024453981	1.85780253103547	0.0809764750394698	22.9424969428458	1.75087311965612e-116	4.13643774518758e-115	1.85183905660888	FALSE	up_in_cellobiose
YDR148C	8676.72600766347	1.71096504514802	0.0751601867704767	22.764246852831	1.03699818772946e-114	2.41221732284145e-113	1.70542869616772	FALSE	up_in_cellobiose
YIL024C	1123.16825184591	1.56163986732234	0.0690692424101521	22.6097726401702	3.47323281073096e-113	8.01760001500032e-112	1.55669799590573	FALSE	up_in_cellobiose
YJR115W	417.207215499315	2.49104055034195	0.110599967690724	22.5229771974958	2.47190840919278e-112	5.6415479467162e-111	2.48217915192187	FALSE	up_in_cellobiose
YKL026C	1478.95970936066	1.55058060444669	0.0690407710916583	22.4589120302284	1.0472093453863e-111	2.38102335372042e-110	1.5457343200729	FALSE	up_in_cellobiose
YDR322C-A	2349.06760885255	1.75118679451573	0.0781269401676433	22.4146343215038	2.83358713505181e-111	6.39460260925124e-110	1.74560006226136	FALSE	up_in_cellobiose
YMR280C	2168.30498624585	1.57626518331882	0.0705239455759324	22.3507798726557	1.18653269544784e-110	2.66771365876154e-109	1.57121224292824	FALSE	up_in_cellobiose
YGR183C	2871.4095906977	1.88283090688068	0.0851124041122893	22.1216980828864	1.95432253665058e-108	4.28251547161692e-107	1.87645651923916	FALSE	up_in_cellobiose
YIL073C	1845.81082891564	-1.71357734364615	0.0775246743265538	-22.1036380808016	2.91599720626581e-108	6.34386730341568e-107	-1.70769952469093	FALSE	down_in_cellobiose
YNCB0019C	1636.29199954661	2.73779102340549	0.124090021675367	22.0629425834726	7.17596808000479e-108	1.55556469347201e-106	2.7276724364992	FALSE	up_in_cellobiose
YML123C	3180.14951897699	-1.55176296860427	0.0703834713446656	-22.047263923732	1.014762947129e-107	2.19188796579864e-106	-1.54675830648902	FALSE	down_in_cellobiose
YBR047W	1502.00069010702	-1.65578478859225	0.0753701950430365	-21.9686944905316	5.73945893033309e-107	1.23093076633527e-105	-1.64996607305348	FALSE	down_in_cellobiose
YLL061W	2387.38404106559	-1.72071021406671	0.078598798049702	-21.8923222334598	3.07446348181209e-106	6.52433513614018e-105	-1.71464606562612	FALSE	down_in_cellobiose
YMR175W-A	288.037693382156	4.83213248215419	0.223177448953167	21.6515266431251	5.88000412496299e-104	1.21788578588275e-102	4.81289587643631	FALSE	up_in_cellobiose
YEL065W	9440.13383354881	-1.87741922627654	0.0868340480105096	-21.6207728338234	1.14543192553133e-103	2.35631710395016e-102	-1.87038313991192	FALSE	down_in_cellobiose
YER150W	7276.0924037253	1.73604232185891	0.0803968664850394	21.5934077751894	2.07160196380882e-103	4.24713514478499e-102	1.72834226583515	FALSE	up_in_cellobiose
YEL017C-A	980.256027672238	-1.58164947114638	0.0736241222120349	-21.4827616768223	2.25682166245934e-102	4.61123561302502e-101	-1.57605055379462	FALSE	down_in_cellobiose
YDR247W	1924.9386451335	1.56215805250404	0.0728388628856546	21.4467660616336	4.89524644713964e-102	9.96850185599346e-101	1.55696810176053	FALSE	up_in_cellobiose
YOL055C	20401.8432705126	-2.40912780795195	0.112891297296639	-21.3402438065851	4.80434919410968e-101	9.75057178724004e-100	-2.40136318235863	FALSE	down_in_cellobiose
YAL054C	2571.59638445438	1.62734654649224	0.0765033628241743	21.2715688097572	2.08199961381158e-100	4.2113490516162e-99	1.62178317484135	FALSE	up_in_cellobiose
YNL331C	2135.69214722148	-1.59475632205949	0.0755525692564114	-21.1079032487589	6.72924901426022e-99	1.35210956937694e-97	-1.58887200887237	FALSE	down_in_cellobiose
YAL005C	43520.8277828226	1.56505172614424	0.0743154101496669	21.0595853940968	1.86802414629634e-98	3.70420001206567e-97	1.56011480872927	FALSE	up_in_cellobiose
YJL102W	813.716106954169	1.64600570586692	0.078379558656158	21.0004462143982	6.49724803391497e-98	1.27582325029603e-96	1.63990709462091	FALSE	up_in_cellobiose
YGL209W	2443.39470514363	-1.94264595375744	0.0933539775202449	-20.8094609930911	3.55317055118774e-96	6.86567907143241e-95	-1.93478817480656	FALSE	down_in_cellobiose
YMR095C	1696.35552560416	-1.99035636210982	0.0957902690170269	-20.7782730180665	6.80632228742924e-96	1.3075914732034e-94	-1.98212377339549	FALSE	down_in_cellobiose
YER028C	814.790137245844	-1.6284912553908	0.0783748241530348	-20.7782444552731	6.81037225626768e-96	1.3075914732034e-94	-1.62229159036278	FALSE	down_in_cellobiose
YER092W	2431.73407330304	-1.5769436987669	0.0761950669562447	-20.6961390252792	3.75256222652621e-95	7.18211909684509e-94	-1.57092748952151	FALSE	down_in_cellobiose
YAR020C	647.168416644812	2.44269623984182	0.119262533248016	20.4816732742214	3.13695312298026e-93	5.85564582956314e-92	2.43222183845263	FALSE	up_in_cellobiose
YOR337W	3615.20109608133	-1.50400576287832	0.073453074818829	-20.4757359251186	3.54355253792083e-93	6.5942786921062e-92	-1.49826023869187	FALSE	down_in_cellobiose
YGR154C	1853.62710074293	-1.71375001255122	0.0839815066294303	-20.4062784931112	1.47065284828905e-92	2.72003315793645e-91	-1.71072171101425	FALSE	down_in_cellobiose
YLL062C	1447.72822281394	-1.65539971048175	0.0814286660759901	-20.3294464990611	7.05942891082426e-92	1.28989202576027e-90	-1.64878121326864	FALSE	down_in_cellobiose
YHL040C	4625.51055470192	-2.09677463331272	0.103462073527079	-20.2661184125981	2.56075919589805e-91	4.65089237741483e-90	-2.0875693964795	FALSE	down_in_cellobiose
YPR158C-D	2678.75630635696	-2.55994919276486	0.127283151795068	-20.1122391821857	5.76611724665324e-90	1.03790110439758e-88	-2.54803033615506	FALSE	down_in_cellobiose
YGR008C	5343.61897303631	1.56192254542244	0.0781003830257462	19.9989101834179	5.62890566113869e-89	1.00720773486884e-87	1.55566069030289	FALSE	up_in_cellobiose
YCL042W	1664.72416557438	1.80318744127028	0.0907634216571155	19.8668958083394	7.87229569192479e-88	1.39623590453845e-86	1.79536078991943	FALSE	up_in_cellobiose
YNCL0012C	119408.502748275	1.71006647527691	0.0863806874477272	19.7968611480633	3.16830640718214e-87	5.57032475309232e-86	1.67584291761709	FALSE	up_in_cellobiose
YNL018C	402.562877192862	-2.40407510060322	0.123024503610005	-19.5414330483647	4.87929135340236e-85	8.4555742422285e-84	-2.39251032367065	FALSE	down_in_cellobiose
YIL160C	658.133431128748	2.137329497862	0.10948381590811	19.5218761799084	7.15616414838534e-85	1.22955911276803e-83	2.12745216774915	FALSE	up_in_cellobiose
YJR159W	834.000642023546	1.65328319992555	0.0848682458522427	19.4805864469492	1.60431350487764e-84	2.7255303588483e-83	1.64617748155958	FALSE	up_in_cellobiose
YKR075C	4888.66956320744	1.99484792032593	0.102535330271035	19.4552249946715	2.63195324729768e-84	4.44638358649619e-83	1.98610462532424	FALSE	up_in_cellobiose
YLL052C	347.552496134745	-2.19369534142768	0.113059646020552	-19.402991417724	7.28088506923656e-84	1.22318869163174e-82	-2.18324915318655	FALSE	down_in_cellobiose
YBR230C	3065.53397542575	1.93984304440224	0.10006508222758	19.3858137246158	1.01683970423769e-83	1.70355859590846e-82	1.93100291768468	FALSE	up_in_cellobiose
YBR072W	79766.490761743	1.84882293537644	0.0955897988449781	19.3412158798948	2.41708333666168e-83	4.0382651989309e-82	1.84453646095033	FALSE	up_in_cellobiose
YNCN0005C	770.388710881574	2.09153990505939	0.108199795748817	19.3303498457137	2.98387817763512e-83	4.97148628604331e-82	2.08177819675027	FALSE	up_in_cellobiose
YBR299W	561.559550511699	1.79469403230173	0.0929036859777696	19.3177914677268	3.8058877956424e-83	6.32362895275968e-82	1.78662306823126	FALSE	up_in_cellobiose
YGR027W-B	23688.756663136	-1.83721941619212	0.0952375473826719	-19.2909148406566	6.40302203509542e-83	1.05807314940593e-81	-1.82859892492068	FALSE	down_in_cellobiose
YMR105C	15664.7154946	1.85860095252716	0.0964438137340374	19.2713340603952	9.34947024219077e-83	1.53656510936874e-81	1.84906870268865	FALSE	up_in_cellobiose
YPR020W	2068.99929476108	1.69368036054136	0.0881009201127109	19.2243209080514	2.31651787722052e-82	3.77636121871421e-81	1.6861069416755	FALSE	up_in_cellobiose
YMR145C	1014.9019579239	1.68424313090116	0.088024816342223	19.1337307010463	1.3226139404573e-81	2.13881527055768e-80	1.6767127085982	FALSE	up_in_cellobiose
YKL065W-A	528.416009856314	3.08766808432199	0.162646066561872	18.9839702219138	2.31428936316954e-80	3.71268489879294e-79	3.07174385227377	FALSE	up_in_cellobiose
YGL258W	43551.8246277205	-5.02967588275043	0.2676903855382	-18.7891540170116	9.26444587384493e-79	1.45536022454582e-77	-4.99913216835885	FALSE	down_in_cellobiose
YOL104C	404.767020317629	-2.58380021423609	0.137611004526335	-18.7761162207171	1.18432546823613e-78	1.85564778028293e-77	-2.57010608596169	FALSE	down_in_cellobiose
YLR237W	33383.5543835325	-1.51148245451884	0.0808612473706722	-18.6922970355642	5.7196539988899e-78	8.93862206338142e-77	-1.50513741697443	FALSE	down_in_cellobiose
YCL057C-A	4395.63833978355	1.53727738609714	0.0828654886135235	18.5514791720695	7.93383646173549e-77	1.2240776255249e-75	1.53020246694338	FALSE	up_in_cellobiose
YDL246C	1032.00237426298	1.69912877968856	0.0921843379504175	18.4318596571411	7.29323861863357e-76	1.11953063871817e-74	1.69091097683083	FALSE	up_in_cellobiose
YEL039C	1955.84020563171	1.75776480471433	0.0956291605517282	18.3810544249577	1.86311731625354e-75	2.85269203258264e-74	1.74934876190654	FALSE	up_in_cellobiose
gh1-1	80113.1905327346	1.75920347981526	0.0958251547787494	18.3584726148065	2.82439924687874e-75	4.30276237912408e-74	1.75140913151074	TRUE	up_in_cellobiose
YMR058W	15133.1402750399	-2.04171688470494	0.111266227877279	-18.3498346592361	3.31118430982118e-75	5.03166902155741e-74	-2.03095382703316	FALSE	down_in_cellobiose
YHR176W	2492.31077418907	-1.54009373160812	0.0842331421139405	-18.2837027440442	1.11586855735734e-74	1.67879926241224e-73	-1.53258970514449	FALSE	down_in_cellobiose
YLR364W	1037.44185393678	-1.89277104211249	0.104295743385312	-18.1481140138174	1.32885693479034e-73	1.98442635595357e-72	-1.88269133867489	FALSE	down_in_cellobiose
YLL053C	386.988950684185	-2.01102175615068	0.111575150457827	-18.0239215264227	1.26453820796993e-72	1.87909756309634e-71	-2.0001087466744	FALSE	down_in_cellobiose
YCR100C	617.438510094004	-1.55316155116693	0.0866040838826508	-17.9340451574025	6.39528666320961e-72	9.41087438907341e-71	-1.54531909353371	FALSE	down_in_cellobiose
YNR034W-A	15434.6101180547	3.86191435381712	0.219004094395688	17.6339824352305	1.3510654707001e-69	1.95017755770745e-68	3.84902383459231	FALSE	up_in_cellobiose
YDL218W	717.583261697308	2.11436769706352	0.120377342186042	17.5644989220295	4.60744558946576e-69	6.63472164883069e-68	2.10244956614013	FALSE	up_in_cellobiose
YOR302W	737.635167153626	-1.50907556705151	0.0871461564827887	-17.3166049767157	3.52553631787506e-67	4.95870782569962e-66	-1.50083577803674	FALSE	down_in_cellobiose
YLR302C	174.273109308411	-4.46459871613418	0.258038055667989	-17.3020940828924	4.53597260460032e-67	6.30656604887879e-66	-4.43541815929133	FALSE	down_in_cellobiose
YOR387C	42564.0631718244	-5.39817031835415	0.314877631402155	-17.1437084759435	7.00377580705046e-66	9.67096714179023e-65	-5.36022625769883	FALSE	down_in_cellobiose
YHR092C	1978.87576356366	-1.90115974013655	0.111025715123736	-17.1235982404414	9.89645955492439e-66	1.36031334973142e-64	-1.88988468082338	FALSE	down_in_cellobiose
YFL014W	29645.7667581708	1.53424746106104	0.0898679533802754	17.0722421436358	2.38848163718367e-65	3.27563195956617e-64	1.51290121797161	FALSE	up_in_cellobiose
YKL096W	2370.14553184869	1.80109488381488	0.106095866233503	16.9761080026521	1.23403074559743e-64	1.67341209627203e-63	1.79097048499964	FALSE	up_in_cellobiose
YJL089W	1105.4590403653	-1.69356381018824	0.101585842020309	-16.6712582827207	2.12082605109803e-62	2.82527664252002e-61	-1.68327007423664	FALSE	down_in_cellobiose
YPL201C	209.333787596096	2.47675588376087	0.150092563945455	16.5015229179572	3.57754941117515e-61	4.70369974756246e-60	2.46027347732055	FALSE	up_in_cellobiose
YNR072W	703.522557550165	1.59664464725218	0.0981010670804004	16.2755074411538	1.47293409565573e-59	1.89538412989912e-58	1.58714109000906	FALSE	up_in_cellobiose
YLL055W	3352.3529173187	-1.68152637541821	0.103355675407432	-16.2693182429467	1.62962041325426e-59	2.09255716759274e-58	-1.67099538083095	FALSE	down_in_cellobiose
YCR021C	9396.73484560222	2.8886705362325	0.182072116558308	15.8655294991719	1.09787651022232e-56	1.34412087729242e-55	2.8676777070126	FALSE	up_in_cellobiose
YHR087W	2577.9080648479	1.98222311595501	0.125516433837289	15.792538517503	3.5019842021552e-56	4.27016138198279e-55	1.96859767058244	FALSE	up_in_cellobiose
YLR034C	4626.15074632913	-1.69128146173879	0.109181374906842	-15.4905675366505	4.01728468218155e-54	4.75470406219844e-53	-1.6794837360228	FALSE	down_in_cellobiose
YGL089C	464.832410406462	-1.82512840307327	0.119089012297261	-15.3257497720908	5.14573391862084e-53	5.95055425235542e-52	-1.81175131464245	FALSE	down_in_cellobiose
YPL130W	523.501292655542	1.72952914408221	0.116261908913081	14.876146110548	4.70852141808078e-50	5.28332792885947e-49	1.7165624036494	FALSE	up_in_cellobiose
YDR342C	25039.3084980625	4.36972683640991	0.294031582236127	14.8614199984161	5.86683286655818e-50	6.57085281054516e-49	4.34263602913243	FALSE	up_in_cellobiose
YEL049W	2647.72166266055	1.79105014626059	0.122575164083448	14.6118519167656	2.36014210133338e-48	2.56729126418422e-47	1.77690308029327	FALSE	up_in_cellobiose
YLR023C	10678.5204415004	1.51379609282792	0.105174357345115	14.3932050648106	5.70878147965132e-47	6.04670935007552e-46	1.50062382383245	FALSE	up_in_cellobiose
YEL033W	802.174827031346	1.64522137513226	0.115051049126929	14.2999250125671	2.19045454240535e-46	2.28018400558822e-45	1.63208694575128	FALSE	up_in_cellobiose
YAL067C	1931.55458470711	-1.5671822728625	0.110705183959611	-14.1563585083266	1.70608564037648e-45	1.76082012849777e-44	-1.55455216380476	FALSE	down_in_cellobiose
YGR174W-A	151.098830875525	2.53336632331948	0.17929983976424	14.1292168841343	2.50919068300788e-45	2.58527857765446e-44	2.51027244875021	FALSE	up_in_cellobiose
gene-Q0158	160.541048625833	2.39968164036853	0.170531154642677	14.0718078488163	5.66036589087705e-45	5.77300049039197e-44	2.37784830622701	FALSE	up_in_cellobiose
YOL161C	293.55978506994	2.05908672497023	0.147865382710785	13.9254143682681	4.43959227516798e-44	4.43812464135801e-43	2.04052794727285	FALSE	up_in_cellobiose
YER121W	320.258869567925	1.53803441006108	0.114969535399891	13.3777561569805	8.15729406629986e-41	7.63704559024483e-40	1.52436491198209	FALSE	up_in_cellobiose
YAR010C	5032.65854841187	15.766026719716	1.18023974191267	13.358325567114	1.0592001117638e-40	9.87063524799303e-40	17.4042703417078	FALSE	up_in_cellobiose
YER138C	24196.2530291471	-3.1391121877558	0.23590954940297	-13.3064227187926	2.12410934732676e-40	1.97336610332292e-39	-3.11196364888206	FALSE	down_in_cellobiose
NR_132166.1	149.428903885277	2.49111816117764	0.189330715721982	13.1574961393779	1.54108710890185e-39	1.39947369889465e-38	2.46508893039939	FALSE	up_in_cellobiose
YGL033W	148.344081460822	2.20811703495119	0.168159887472856	13.1310568063244	2.18584573835396e-39	1.97904117149173e-38	2.1853643891505	FALSE	up_in_cellobiose
YER085C	383.307088349541	1.61551050407183	0.124146763244715	13.0129087690137	1.03332560087604e-38	9.19051946190921e-38	1.59996131358109	FALSE	up_in_cellobiose
YIL162W	11692.5666982222	3.09145586616306	0.238280153503559	12.9740384195148	1.71738072884435e-38	1.52074943602498e-37	3.05770008739116	FALSE	up_in_cellobiose
YGR027W-A	3256.08392254848	15.1373932773777	1.17939325376642	12.8348989864374	1.04539233708889e-37	9.0580699924264e-37	16.7238019858623	FALSE	up_in_cellobiose
YDR316W-A	3493.98689793669	15.2394575076718	1.19987263883177	12.7008959238452	5.8456631154762e-37	4.95162052134455e-36	16.828145205836	FALSE	up_in_cellobiose
YLR154W-C	5839.17412213887	15.9802816393025	1.2827944827662	12.457398167821	1.27461538321706e-35	1.03893178405617e-34	17.5828387762575	FALSE	up_in_cellobiose
YDR098C-A	2386.80256608595	14.6898040930946	1.18129389505879	12.4353508932369	1.68001433622143e-35	1.3565723238274e-34	16.2365803114226	FALSE	up_in_cellobiose
YML045W-A	1791.89534760779	14.275921456128	1.17964802588773	12.1018482995255	1.03259716961315e-33	8.00659959207733e-33	15.7864913180248	FALSE	up_in_cellobiose
YPR158C-C	1186.62341278269	13.6807881432014	1.17994187005323	11.5944594309415	4.39632609405078e-31	3.1957908914446e-30	15.1358555845047	FALSE	up_in_cellobiose
YFL051C	203.437709411991	1.58501075773988	0.138223770103599	11.4669912168646	1.93262558449352e-30	1.37836315271425e-29	1.56557253146603	FALSE	up_in_cellobiose
YFL053W	593.848698904047	1.50969488836184	0.131906141669129	11.4452205883538	2.48471645031507e-30	1.76379871966028e-29	1.49160462631771	FALSE	up_in_cellobiose
YOR383C	41864.9479366917	-2.38542140909883	0.210849474854695	-11.3133855834487	1.12656948253815e-29	7.8046875491303e-29	-2.35010064083531	FALSE	down_in_cellobiose
YIL163C	133.712487257132	-1.95930193080766	0.174239605013832	-11.2448712831512	2.45454462402689e-29	1.68694157796757e-28	-1.93206513747304	FALSE	down_in_cellobiose
YHR054C	1048.85781213685	13.5032864119951	1.20394511854232	11.2158654111611	3.4083601022534e-29	2.32660969508223e-28	14.9268524038058	FALSE	up_in_cellobiose
YOR394W	2779.74154126606	2.41753374379117	0.21937260371755	11.020217214105	3.05321410891948e-28	2.01592128064902e-27	2.38016471210795	FALSE	up_in_cellobiose
YMR325W	135.348170394325	1.88340089188335	0.171264688135543	10.9970181967271	3.9497721059607e-28	2.60220279922117e-27	1.85675526788477	FALSE	up_in_cellobiose
YGR038C-A	726.462996626567	12.9730786305447	1.18336178225462	10.962901477034	5.76217926406291e-28	3.77160824556845e-27	14.3570520892898	FALSE	up_in_cellobiose
YHR185C	252.232695850805	2.44080899232086	0.223189108134059	10.9360578243575	7.74968409097915e-28	5.04521952446092e-27	2.40359647636044	FALSE	up_in_cellobiose
YNCL0015C	2072.89822495958	-3.89107709176839	0.35957082723614	-10.8214482294834	2.72437972418822e-27	1.74360302348046e-26	-3.82615870343965	FALSE	down_in_cellobiose
YER159C-A	591.182798856945	12.6751968066615	1.18283364920372	10.715958930653	8.56648641306261e-27	5.40251405904095e-26	14.0022296405096	FALSE	up_in_cellobiose
YBR301W	1459.67421354199	2.50653919994521	0.236980204605669	10.5769982101081	3.80968527916989e-26	2.35833946452605e-25	2.46558881072674	FALSE	up_in_cellobiose
YOR382W	16888.7693497563	-1.91821622362594	0.183062711592381	-10.4784650404238	1.08490233375104e-25	6.60774351916042e-25	-1.87622198578151	FALSE	down_in_cellobiose
YNL284C-A	483.381189747183	12.3860310007719	1.18224863690679	10.4766718388261	1.10566451177873e-25	6.72742350828748e-25	13.6965234224448	FALSE	up_in_cellobiose
YNCL0010C	6587.69293677833	2.0503128870008	0.202046863281212	10.1477095645239	3.39231419027889e-24	1.95770192965713e-23	2.01547419075539	FALSE	up_in_cellobiose
YER067W	4733.0432378429	2.00027280815656	0.199681207883756	10.0173312719593	1.27910114313864e-23	7.26385325230282e-23	1.96548808863325	FALSE	up_in_cellobiose
YNL034W	201.874066979121	-1.61010550454361	0.160855658954317	-10.0096292229351	1.38269771190068e-23	7.844799025868e-23	-1.58352051693799	FALSE	down_in_cellobiose
YGL138C	494.132348444895	1.53416207984351	0.154003158413486	9.96188711743436	2.23774170794815e-23	1.26013611263225e-22	1.50902649545221	FALSE	up_in_cellobiose
YPR192W	1303.65885746035	2.21201467288275	0.222900967514511	9.92375536790231	3.28171298394092e-23	1.83946247700414e-22	2.17228828683158	FALSE	up_in_cellobiose
YPR137C-B	24593.9453190486	-2.48950684733074	0.250932646471505	-9.92101618636316	3.37304356339295e-23	1.88715702788164e-22	-2.44158514695285	FALSE	down_in_cellobiose
YDR365W-A	1241.21120161818	13.7462522869899	1.39678125994848	9.84137794596193	7.468088009326e-23	4.1135697887435e-22	15.1068257517646	FALSE	up_in_cellobiose
YDR034W-B	161.972883356642	1.53961033430637	0.165895058252137	9.28062807010429	1.68482448488901e-20	8.40744099390158e-20	1.51096744362595	FALSE	up_in_cellobiose
YER053C-A	68.0390222836379	2.77235610009679	0.29914719273803	9.26753172818375	1.90503233994793e-20	9.49846297774532e-20	2.71161041586982	FALSE	up_in_cellobiose
YGR159C	26828.8262971434	1.72119324562313	0.195498428048535	8.804128313481	1.31873453469289e-18	6.05596542583339e-18	1.68400346002549	FALSE	up_in_cellobiose
YPL200W	52.1427420696775	2.46553273534752	0.281248797443368	8.76637609746215	1.84508953306207e-18	8.40293787346341e-18	2.40662404740726	FALSE	up_in_cellobiose
YJR005C-A	69.4384375893848	-2.09928744678416	0.241324135680283	-8.69903642611772	3.34714079821081e-18	1.50958296402528e-17	-2.04942332623058	FALSE	down_in_cellobiose
YNL145W	83.4378259955883	-1.76003511243656	0.203856132762088	-8.6337118662534	5.9392494440371e-18	2.65096536070379e-17	-1.71970783330233	FALSE	down_in_cellobiose
YNCL0016C	40823.8029314155	1.87008737740063	0.221072793075558	8.45914755671212	2.6933906331514e-17	1.17107308046727e-16	1.82383187058443	FALSE	up_in_cellobiose
YNCL0017C	10347.9295428759	1.52974363060151	0.185099784127443	8.2644268755509	1.40367474049663e-16	5.92836929505838e-16	1.49330682837894	FALSE	up_in_cellobiose
Q0105	63.2158837952797	2.53016671579998	0.307264477130765	8.23449146945549	1.80321961011954e-16	7.58933347390605e-16	2.46104578487508	FALSE	up_in_cellobiose
cdt-1EGFP	116428.663919099	1.58288553415519	0.199518845440016	7.93351390273094	2.13030701594176e-15	8.59512797359289e-15	1.53730555515359	TRUE	up_in_cellobiose
YGR273C	145.979282608141	1.50427372995332	0.193237496381064	7.78458507342123	6.99423672010369e-15	2.73263202087772e-14	1.46462705617996	FALSE	up_in_cellobiose
YNCJ0004C	74.5234873067427	1.98799032141877	0.256201668569779	7.75947452847025	8.52819911916752e-15	3.3105615065934e-14	1.92985611113812	FALSE	up_in_cellobiose
YML045W	10843.1726964239	-1.82636199296325	0.258018880167713	-7.07840446317769	1.4582360086769e-12	5.05120926716948e-12	-1.76306713536965	FALSE	down_in_cellobiose
YOR032W-A	49.278091616994	-1.87165170128759	0.271537826699706	-6.89278441989391	5.47107561261292e-12	1.83522270133572e-11	-1.80257275853912	FALSE	down_in_cellobiose
YAR009C	976.03620191436	-1.86269675976155	0.271217873851668	-6.86789824471626	6.51546662865323e-12	2.17110425179585e-11	-1.79250753982395	FALSE	down_in_cellobiose
YHR216W	7912.72790347256	-1.77938049811953	0.267683464093085	-6.64733066029346	2.98456044693756e-11	9.60139445908422e-11	-1.70640629478859	FALSE	down_in_cellobiose
YLR111W	38.5044973913924	-2.10210117161662	0.316558216665265	-6.64048841872087	3.12645401169256e-11	1.00471805859281e-10	-2.01547555143646	FALSE	down_in_cellobiose
Q0120	33.225559207444	2.16386334287168	0.347005204847178	6.23582388000393	4.49406493530424e-10	1.33958130747758e-09	2.06257296518012	FALSE	up_in_cellobiose
YOR183W	41.4412643468132	-1.84706369785234	0.296422805160566	-6.23117946964919	4.62936384256215e-10	1.3785520689225e-09	-1.76327395838477	FALSE	down_in_cellobiose
YMR015C	7376.11247605362	1.50952075593888	0.264712115614717	5.70249968511437	1.18063129665305e-08	3.17918881663296e-08	1.43339905456621	FALSE	up_in_cellobiose
YBR296C-A	27.1342688879575	1.98947283557698	0.372367773585755	5.34276319462111	9.15403171989853e-08	2.31259748713226e-07	1.86466625332653	FALSE	up_in_cellobiose
Q0055	18.4706678421505	2.40811649449279	0.463859878740093	5.19147398786367	2.08635739376707e-07	5.11483158390888e-07	2.24017768209493	FALSE	up_in_cellobiose
YFR032C	471.949297678969	1.59508270721749	0.326504540037677	4.88533086563949	1.03255310726845e-06	2.37177409523722e-06	1.4823501671042	FALSE	up_in_cellobiose
YNCA0004W	14.7125501424707	2.2071125240737	0.51493669751403	4.28618223313471	1.81769897223577e-05	3.73926645717074e-05	1.97893263237496	FALSE	up_in_cellobiose
YNCE0016C	14.7125501424707	2.2071125240737	0.51493669751403	4.28618223313471	1.81769897223577e-05	3.73926645717074e-05	1.97893263237496	FALSE	up_in_cellobiose
YNCL0004C	14.7125501424707	2.2071125240737	0.51493669751403	4.28618223313471	1.81769897223577e-05	3.73926645717074e-05	1.97893263237496	FALSE	up_in_cellobiose
YBL005W-B	5921.68567569065	-1.60340356481957	0.39512751827586	-4.0579395022043	4.95075879718846e-05	9.78598712632459e-05	-1.42707959880134	FALSE	down_in_cellobiose
Q0020	18.0991697630051	1.65782443686919	0.438494308297227	3.7807205373016	0.000156375128859414	0.000292803956452549	1.45481077470721	FALSE	up_in_cellobiose
YLR013W	7.79104772076663	-1.880667797081	0.662799124792328	-2.83746270436049	0.00454736590754966	0.0072014844223253	-1.41796069970902	FALSE	down_in_cellobiose
