category	subcategory	ID	Description	GeneRatio	BgRatio	RichFactor	FoldEnrichment	zScore	pvalue	p.adjust	qvalue	geneID	Count	comparison
Metabolism	Energy metabolism	sce00190	Oxidative phosphorylation - Saccharomyces cerevisiae (budding yeast)	44/250	71/2309	0.619718309859155	5.72371830985915	14.0845461740161	2.08981607040339e-26	1.75544549913885e-24	1.07790513105017e-24	YKL148C/YGL187C/YLL041C/YBR039W/YJR121W/YHR001W-A/YMR118C/YBL099W/YBL045C/YDR178W/YDR529C/YEL024W/YJL166W/YGL191W/YKL141W/YMR256C/YFR033C/YDL004W/YPL036W/YNL052W/YML081C-A/YDR298C/YDR377W/YPR191W/YML120C/YPL271W/YLR038C/YKL016C/YLR395C/YHR051W/YLR295C/YPL078C/YOL077W-A/YDL085W/YOR065W/YDR322C-A/YGR183C/YPR020W/YMR145C/YEL039C/YDL067C/Q0105/YJR048W/Q0120	44	primary_all
Metabolism	Global and overview maps	sce01110	Biosynthesis of secondary metabolites - Saccharomyces cerevisiae (budding yeast)	96/250	366/2309	0.262295081967213	2.42255737704918	10.3355517970114	1.66549096165591e-20	6.99506203895483e-19	4.29521353269156e-19	YJR010W/YLR134W/YFR053C/YKR097W/YHR033W/YNL277W/YER091C/YKR069W/YIL074C/YGL184C/YKL148C/YHR018C/YAL012W/YLR180W/YJL088W/YDR019C/YOL058W/YMR062C/YER069W/YIR034C/YMR189W/YER052C/YLL041C/YBR213W/YOR184W/YKL211C/YIL155C/YMR118C/YDR178W/YER055C/YGR155W/YLR058C/YKL085W/YNL104C/YKL141W/YGR256W/YGL009C/YLR303W/YJR109C/YDR354W/YHL032C/YOR303W/YCL040W/YDR516C/YGR088W/YPR184W/YDR158W/YBR256C/YBR117C/YGR244C/YOL140W/YDR502C/YMR110C/YGR087C/YPL061W/YHR208W/YDL131W/YGR043C/YIL116W/YGL026C/YDR148C/YPR145W/YDL066W/YCL030C/YIL125W/YJL071W/YGL202W/YAL054C/YOL143C/YER037W/YFR025C/YBR248C/YJR130C/YLL062C/YAL044C/YBR145W/YIL160C/YDR399W/YKL127W/YEL011W/YMR105C/YER073W/YHR063C/YJR139C/YDL182W/YMR120C/YKL067W/YOR374W/YIL162W/YOR202W/YGR157W/YNL117W/YFL053W/YMR101C/YHR216W/YMR015C	96	primary_all
Metabolism	Global and overview maps	sce01230	Biosynthesis of amino acids - Saccharomyces cerevisiae (budding yeast)	43/250	122/2309	0.352459016393443	3.25531147540984	8.91706200983905	9.83268122358584e-14	2.75315074260404e-12	1.69053115773932e-12	YHR033W/YNL277W/YER091C/YIL074C/YGL184C/YHR018C/YAL012W/YLR180W/YJL088W/YOL058W/YMR062C/YER069W/YIR034C/YER052C/YOR184W/YKL211C/YER055C/YGR155W/YLR058C/YNL104C/YGL009C/YLR303W/YDR354W/YDR158W/YBR117C/YOL140W/YDR502C/YHR208W/YDL131W/YGR043C/YIL116W/YGL026C/YPR145W/YDL066W/YCL030C/YJL071W/YGL202W/YFR025C/YBR248C/YJR130C/YJR139C/YDL182W/YOR202W	43	primary_all
Metabolism	Amino acid metabolism	sce00270	Cysteine and methionine metabolism - Saccharomyces cerevisiae (budding yeast)	19/250	44/2309	0.431818181818182	3.98827272727273	6.97223793657677	2.73383801837322e-08	5.74105983858376e-07	3.52521218158652e-07	YNL277W/YER091C/YIL074C/YGL184C/YAL012W/YLR180W/YER052C/YOR184W/YGR155W/YKL085W/YLR303W/YDR158W/YDR502C/YJL101C/YHR208W/YGL202W/YJR130C/YLL062C/YJR139C	19	primary_all
Metabolism	Amino acid metabolism	sce00340	Histidine metabolism - Saccharomyces cerevisiae (budding yeast)	10/250	14/2309	0.714285714285714	6.59714285714286	7.31810771923245	1.26416034619888e-07	2.12378938161411e-06	1.30408119923674e-06	YER055C/YMR110C/YPL061W/YIL116W/YCL030C/YFR025C/YBR248C/YER073W/YOR374W/YOR202W	10	primary_all
Metabolism	Metabolism of cofactors and vitamins	sce00670	One carbon pool by folate - Saccharomyces cerevisiae (budding yeast)	12/250	24/2309	0.5	4.618	6.20712961768165	1.65605316754335e-06	2.31847443456069e-05	1.42362465280043e-05	YAL012W/YLR180W/YDR019C/YMR189W/YGR155W/YLR058C/YGL125W/YGR204W/YDR502C/YLL062C/YAL044C/YMR120C	12	primary_all
Metabolism	Global and overview maps	sce01200	Carbon metabolism - Saccharomyces cerevisiae (budding yeast)	29/250	112/2309	0.258928571428571	2.39146428571429	5.25927378908955	3.21377600053852e-06	3.85653120064623e-05	2.36804547408102e-05	YFR053C/YKR097W/YIL074C/YKL148C/YDR019C/YMR189W/YLL041C/YOR184W/YMR118C/YDR178W/YLR058C/YKL085W/YKL141W/YGR256W/YLR303W/YCL040W/YDR516C/YGR088W/YBR117C/YGR244C/YGR043C/YDR148C/YDL066W/YIL125W/YAL054C/YAL044C/YNL117W/YFL053W/YOR388C	29	primary_all
Metabolism	Energy metabolism	sce00920	Sulfur metabolism - Saccharomyces cerevisiae (budding yeast)	9/250	15/2309	0.6	5.5416	6.14776895103994	4.96509278626534e-06	5.21334742557861e-05	3.20117824377634e-05	YJR010W/YKL001C/YJR137C/YFR030W/YPR167C/YNL277W/YOL064C/YLR303W/YJR130C	9	primary_all
Metabolism	Global and overview maps	sce01210	2-Oxocarboxylic acid metabolism - Saccharomyces cerevisiae (budding yeast)	15/250	41/2309	0.365853658536585	3.3790243902439	5.35462462678652	1.03403636123451e-05	9.65100603818873e-05	5.9260563392387e-05	YMR062C/YER069W/YER052C/YNL104C/YGL009C/YDR158W/YOL140W/YHR208W/YDL131W/YDR148C/YDL066W/YIL125W/YJL071W/YGL202W/YDL182W	15	primary_all
Metabolism	Amino acid metabolism	sce00220	Arginine biosynthesis - Saccharomyces cerevisiae (budding yeast)	10/250	20/2309	0.5	4.618	5.66135511406554	1.28548272395929e-05	0.000100360225764416	6.1624700030782e-05	YHR018C/YJL088W/YOL058W/YMR062C/YER069W/YAL062W/YJR109C/YOR303W/YOL140W/YJL071W	10	primary_all
Metabolism	Global and overview maps	sce01240	Biosynthesis of cofactors - Saccharomyces cerevisiae (budding yeast)	31/250	132/2309	0.234848484848485	2.16906060606061	4.81897319563141	1.31424105167688e-05	0.000100360225764416	6.1624700030782e-05	YGR144W/YKR069W/YLR180W/YBR213W/YOR184W/YLR058C/YJR109C/YLR420W/YOR303W/YBR256C/YGR204W/YMR096W/YDR502C/YGR267C/YJL101C/YMR110C/YPL061W/YHR208W/YPL214C/YKL216W/YOL055C/YOL143C/YEL029C/YMR095C/YGL037C/YER073W/YHR063C/YOR143C/YKL067W/YOR374W/YPL258C	31	primary_all
Metabolism	Amino acid metabolism	sce00260	Glycine, serine and threonine metabolism - Saccharomyces cerevisiae (budding yeast)	12/250	30/2309	0.4	3.6944	5.17499897200652	2.90570208985874e-05	0.000203399146290112	0.000124894212634279	YIL074C/YAL012W/YDR019C/YMR189W/YER052C/YOR184W/YGR155W/YLR058C/YDR158W/YGL026C/YAL044C/YJR139C	12	primary_all
Metabolism	Amino acid metabolism	sce00300	Lysine biosynthesis - Saccharomyces cerevisiae (budding yeast)	7/250	11/2309	0.636363636363636	5.87745454545454	5.64903537598134	3.62456677838635e-05	0.000221647917285215	0.000136099598333027	YIR034C/YER052C/YDR158W/YDL131W/YGL202W/YJR139C/YDL182W	7	primary_all
Metabolism	Carbohydrate metabolism	sce00500	Starch and sucrose metabolism - Saccharomyces cerevisiae (budding yeast)	14/250	40/2309	0.35	3.2326	4.96230439939163	3.69413195475358e-05	0.000221647917285215	0.000136099598333027	YFR053C/YGR292W/YGR282C/YCL040W/YDR516C/YPR184W/YDR261C/YKL127W/YBR299W/YEL011W/YMR105C/YOL157C/YIL162W/YJL216C	14	primary_all
Metabolism	Carbohydrate metabolism	sce00052	Galactose metabolism - Saccharomyces cerevisiae (budding yeast)	10/250	23/2309	0.434782608695652	4.01565217391304	5.06368622766975	5.91341303600039e-05	0.000331151130016022	0.000203338413167733	YFR053C/YGR292W/YCL040W/YDR516C/YKL127W/YBR299W/YMR105C/YOL157C/YIL162W/YJL216C	10	primary_all
Metabolism	Amino acid metabolism	sce00380	Tryptophan metabolism - Saccharomyces cerevisiae (budding yeast)	9/250	20/2309	0.45	4.1562	4.93874212576387	0.000101849644277406	0.000534710632456384	0.000328331090104797	YJL060W/YIL164C/YGR088W/YMR110C/YPL061W/YDR148C/YGL202W/YER073W/YOR374W	9	primary_all
Metabolism	Carbohydrate metabolism	sce00020	Citrate cycle (TCA cycle) - Saccharomyces cerevisiae (budding yeast)	11/250	31/2309	0.354838709677419	3.27729032258065	4.44715350920657	0.000226047719898531	0.00111694167479274	0.000685841379258701	YKR097W/YKL148C/YLL041C/YMR118C/YDR178W/YKL085W/YKL141W/YGR244C/YDR148C/YDL066W/YIL125W	11	primary_all
Metabolism	Carbohydrate metabolism	sce00620	Pyruvate metabolism - Saccharomyces cerevisiae (budding yeast)	15/250	52/2309	0.288461538461538	2.66423076923077	4.22872236612118	0.0002415010692992	0.00112700499006293	0.000692020607933381	YKR097W/YEL071W/YKL085W/YNL104C/YBL015W/YMR110C/YDL174C/YPL061W/YDL131W/YAL054C/YBR145W/YER073W/YDL182W/YOR374W/YNL117W	15	primary_all
Metabolism	Carbohydrate metabolism	sce00010	Glycolysis / Gluconeogenesis - Saccharomyces cerevisiae (budding yeast)	14/250	54/2309	0.259259259259259	2.39451851851852	3.61249808821878	0.00126956579875789	0.00561281721556121	0.00344646671130952	YLR134W/YFR053C/YKR097W/YCL040W/YDR516C/YMR110C/YGR087C/YPL061W/YAL054C/YBR145W/YKL127W/YMR105C/YER073W/YOR374W	14	primary_all
Metabolism	Carbohydrate metabolism	sce00051	Fructose and mannose metabolism - Saccharomyces cerevisiae (budding yeast)	8/250	23/2309	0.347826086956522	3.21252173913043	3.71512204085436	0.00194136880099534	0.00815374896418042	0.00500668796046166	YEL070W/YNR073C/YFR053C/YCL040W/YDR516C/YJR159W/YDL246C/YFL053W	8	primary_all
Metabolism	Amino acid metabolism	sce00280	Valine, leucine and isoleucine degradation - Saccharomyces cerevisiae (budding yeast)	6/250	14/2309	0.428571428571429	3.95828571428571	3.86787582056829	0.00215092759838212	0.00860371039352848	0.0052829800662017	YMR110C/YPL061W/YHR208W/YIL160C/YER073W/YOR374W	6	primary_all
Metabolism	Carbohydrate metabolism	sce00630	Glyoxylate and dicarboxylate metabolism - Saccharomyces cerevisiae (budding yeast)	9/250	29/2309	0.310344827586207	2.86634482758621	3.52357237301115	0.00251855287490485	0.00961629279509126	0.00590474118996832	YDR019C/YMR189W/YLR058C/YKL085W/YGR088W/YAL054C/YAL044C/YNL117W/YOR388C	9	primary_all
Metabolism	Amino acid metabolism	sce00310	Lysine degradation - Saccharomyces cerevisiae (budding yeast)	6/250	16/2309	0.375	3.4635	3.44484958582802	0.00475641081429777	0.0173712394956962	0.0106665505675328	YIR034C/YMR110C/YPL061W/YDR148C/YER073W/YOR374W	6	primary_all
Metabolism	Metabolism of other amino acids	sce00450	Selenocompound metabolism - Saccharomyces cerevisiae (budding yeast)	5/250	12/2309	0.416666666666667	3.84833333333333	3.4463602380793	0.00596833005002572	0.0200535889680864	0.0123136072611057	YJR010W/YER091C/YGL184C/YAL012W/YJR130C	5	primary_all
Metabolism	Metabolism of cofactors and vitamins	sce00785	Lipoic acid metabolism - Saccharomyces cerevisiae (budding yeast)	5/250	12/2309	0.416666666666667	3.84833333333333	3.4463602380793	0.00596833005002572	0.0200535889680864	0.0123136072611057	YDR019C/YMR189W/YDR148C/YIL125W/YAL044C	5	primary_all
Metabolism	Metabolism of cofactors and vitamins	sce00730	Thiamine metabolism - Saccharomyces cerevisiae (budding yeast)	6/250	18/2309	0.333333333333333	3.07866666666667	3.08438294486756	0.00915118720230521	0.0295653740382168	0.0181541770410103	YGR144W/YBR092C/YPL214C/YOL055C/YOR143C/YPL258C	6	primary_all
Metabolism	Lipid metabolism	sce00071	Fatty acid degradation - Saccharomyces cerevisiae (budding yeast)	6/250	20/2309	0.3	2.7708	2.77090316085883	0.0158716789224731	0.049378556647694	0.0303201663626191	YMR110C/YPL061W/YBR145W/YIL160C/YER073W/YOR374W	6	primary_all
