gene_id	in_this_study	in_original	class
YEL070W	TRUE	TRUE	both
YMR175W	TRUE	TRUE	both
YGR144W	TRUE	TRUE	both
YDR345C	TRUE	TRUE	both
YJR010W	TRUE	TRUE	both
YLR134W	TRUE	TRUE	both
YPL223C	TRUE	TRUE	both
YNR073C	TRUE	TRUE	both
YHR094C	TRUE	TRUE	both
YFR053C	TRUE	TRUE	both
YKR097W	TRUE	TRUE	both
YKL001C	TRUE	TRUE	both
YHR033W	TRUE	TRUE	both
YBR050C	TRUE	TRUE	both
YGR292W	TRUE	TRUE	both
YDR343C	TRUE	TRUE	both
YLR092W	TRUE	TRUE	both
YDR119W-A	TRUE	TRUE	both
YJR137C	TRUE	TRUE	both
YLR327C	TRUE	TRUE	both
YFR030W	TRUE	TRUE	both
YLR004C	TRUE	TRUE	both
YPR167C	TRUE	TRUE	both
YNR071C	TRUE	TRUE	both
YNL277W	TRUE	TRUE	both
YDR261C-D	TRUE	TRUE	both
YER091C	TRUE	TRUE	both
YHL047C	TRUE	TRUE	both
YKR069W	TRUE	TRUE	both
YPL250C	TRUE	TRUE	both
YPR121W	TRUE	TRUE	both
YBR092C	TRUE	TRUE	both
YIL074C	TRUE	TRUE	both
YDL049C	TRUE	TRUE	both
YPR030W	TRUE	TRUE	both
YJL116C	TRUE	TRUE	both
YJL213W	TRUE	TRUE	both
YDL204W	TRUE	TRUE	both
YGL184C	TRUE	TRUE	both
YBL075C	TRUE	TRUE	both
YKL148C	TRUE	TRUE	both
YMR174C	TRUE	TRUE	both
YHR018C	TRUE	TRUE	both
YOR178C	TRUE	TRUE	both
YMR206W	TRUE	TRUE	both
YAL012W	TRUE	TRUE	both
YLR180W	TRUE	TRUE	both
YHR008C	TRUE	TRUE	both
YJL088W	TRUE	TRUE	both
YDR019C	TRUE	TRUE	both
YOL158C	TRUE	TRUE	both
YOL058W	TRUE	TRUE	both
YNL144C	TRUE	TRUE	both
YIL136W	TRUE	TRUE	both
YNL284C-B	TRUE	TRUE	both
YJR077C	TRUE	TRUE	both
YKL217W	TRUE	TRUE	both
YHR029C	TRUE	TRUE	both
YHR096C	TRUE	TRUE	both
YHL028W	TRUE	TRUE	both
YMR062C	TRUE	TRUE	both
YER069W	TRUE	TRUE	both
YIR034C	TRUE	TRUE	both
YER175C	TRUE	TRUE	both
YMR189W	TRUE	TRUE	both
YOR092W	TRUE	TRUE	both
YIL121W	TRUE	TRUE	both
YGR138C	TRUE	TRUE	both
YGL187C	TRUE	TRUE	both
YER052C	TRUE	TRUE	both
YLL041C	TRUE	TRUE	both
YBR213W	TRUE	TRUE	both
YOR184W	TRUE	TRUE	both
YKL211C	TRUE	TRUE	both
YLR179C	TRUE	TRUE	both
YEL071W	TRUE	TRUE	both
YOL119C	TRUE	TRUE	both
YOL064C	TRUE	TRUE	both
YBR039W	TRUE	TRUE	both
YEL069C	TRUE	TRUE	both
YIL155C	TRUE	TRUE	both
YGL162W	TRUE	TRUE	both
YJR121W	TRUE	TRUE	both
YGR201C	TRUE	TRUE	both
YAL062W	TRUE	TRUE	both
YHR001W-A	TRUE	TRUE	both
YMR118C	TRUE	TRUE	both
YBL099W	TRUE	TRUE	both
YKL109W	TRUE	TRUE	both
YBL045C	TRUE	TRUE	both
YMR265C	TRUE	TRUE	both
YNL195C	TRUE	TRUE	both
YDR178W	TRUE	TRUE	both
YDR529C	TRUE	TRUE	both
YOR047C	TRUE	TRUE	both
YOL052C-A	TRUE	TRUE	both
YEL024W	TRUE	TRUE	both
YDL059C	TRUE	TRUE	both
YDR277C	TRUE	TRUE	both
YKL068W-A	TRUE	TRUE	both
YER055C	TRUE	TRUE	both
YDL222C	TRUE	TRUE	both
YIL101C	TRUE	TRUE	both
YOR222W	TRUE	TRUE	both
YLR452C	TRUE	TRUE	both
YGR055W	TRUE	TRUE	both
YGR155W	TRUE	TRUE	both
YLR058C	TRUE	TRUE	both
YKL163W	TRUE	TRUE	both
YPL274W	TRUE	TRUE	both
YAL039C	TRUE	TRUE	both
YDR536W	TRUE	TRUE	both
YDL048C	TRUE	TRUE	both
YJL166W	TRUE	TRUE	both
YBL030C	TRUE	TRUE	both
YBR158W	TRUE	TRUE	both
YMR045C	TRUE	TRUE	both
YJL060W	TRUE	TRUE	both
YKL085W	TRUE	TRUE	both
YPL264C	TRUE	TRUE	both
YNL104C	TRUE	TRUE	both
YDR070C	TRUE	TRUE	both
YMR114C	TRUE	TRUE	both
YGL191W	TRUE	TRUE	both
YKL141W	TRUE	TRUE	both
YGR256W	TRUE	TRUE	both
YGL009C	TRUE	TRUE	both
YGL157W	TRUE	TRUE	both
YLR303W	TRUE	TRUE	both
YJR004C	TRUE	TRUE	both
YPL134C	TRUE	TRUE	both
YMR256C	TRUE	TRUE	both
YFR033C	TRUE	TRUE	both
YDR253C	TRUE	TRUE	both
YGR236C	TRUE	TRUE	both
YNR044W	TRUE	TRUE	both
YPL186C	TRUE	TRUE	both
YDR077W	TRUE	TRUE	both
YDL004W	TRUE	TRUE	both
YGL117W	TRUE	TRUE	both
YJR109C	TRUE	TRUE	both
YPL036W	TRUE	TRUE	both
YHR126C	TRUE	TRUE	both
YNL052W	TRUE	TRUE	both
YPL057C	TRUE	TRUE	both
YML081C-A	TRUE	TRUE	both
YHR162W	TRUE	TRUE	both
YGL186C	TRUE	TRUE	both
YKL096W-A	TRUE	TRUE	both
YDR354W	TRUE	TRUE	both
YHL032C	TRUE	TRUE	both
YCR020C	TRUE	TRUE	both
YFL011W	TRUE	TRUE	both
YLR130C	TRUE	TRUE	both
YER054C	TRUE	TRUE	both
YGR282C	TRUE	TRUE	both
YHR112C	TRUE	TRUE	both
YJR111C	TRUE	TRUE	both
YEL072W	TRUE	TRUE	both
YDL170W	TRUE	TRUE	both
YIL164C	TRUE	TRUE	both
YGL125W	TRUE	TRUE	both
YLR420W	TRUE	TRUE	both
YDR298C	TRUE	TRUE	both
YKL150W	TRUE	TRUE	both
YOR303W	TRUE	TRUE	both
YGL224C	TRUE	TRUE	both
YBR298C	TRUE	TRUE	both
YDR377W	TRUE	TRUE	both
YIR017C	TRUE	TRUE	both
YCL040W	TRUE	TRUE	both
YDR170W-A	TRUE	TRUE	both
YDR516C	TRUE	TRUE	both
YBR104W	TRUE	TRUE	both
YBL015W	TRUE	TRUE	both
YPR191W	TRUE	TRUE	both
YOR130C	TRUE	TRUE	both
YGR088W	TRUE	TRUE	both
YPR184W	TRUE	TRUE	both
YDR158W	TRUE	TRUE	both
YBR256C	TRUE	TRUE	both
YGR243W	TRUE	TRUE	both
YKL128C	TRUE	TRUE	both
YGR204W	TRUE	TRUE	both
YDL223C	TRUE	TRUE	both
YLR256W-A	TRUE	FALSE	this_study_only
YPL054W	TRUE	TRUE	both
YML120C	TRUE	TRUE	both
YBR240C	TRUE	TRUE	both
YBR117C	TRUE	TRUE	both
YLR227W-B	TRUE	TRUE	both
YGR244C	TRUE	TRUE	both
YML018C	TRUE	TRUE	both
YMR096W	TRUE	TRUE	both
YGR174C	TRUE	TRUE	both
YNL191W	TRUE	TRUE	both
YPL271W	TRUE	TRUE	both
YLR038C	TRUE	TRUE	both
YOL140W	TRUE	TRUE	both
YKL016C	TRUE	TRUE	both
YKL120W	TRUE	TRUE	both
YHR138C	TRUE	TRUE	both
YDR502C	TRUE	TRUE	both
YMR081C	TRUE	TRUE	both
YLR395C	TRUE	TRUE	both
YJR029W	TRUE	FALSE	this_study_only
YHR051W	TRUE	TRUE	both
YKL178C	TRUE	TRUE	both
YGR267C	TRUE	TRUE	both
YBR021W	TRUE	TRUE	both
YHR143W	TRUE	TRUE	both
YHL036W	TRUE	TRUE	both
YHR139C	TRUE	TRUE	both
YFR017C	TRUE	TRUE	both
YLR295C	TRUE	TRUE	both
YPL078C	TRUE	TRUE	both
YJL101C	TRUE	TRUE	both
YNR014W	TRUE	TRUE	both
YDR541C	TRUE	TRUE	both
YKL201C	TRUE	TRUE	both
YIL165C	TRUE	TRUE	both
YPL188W	TRUE	TRUE	both
YNL221C	TRUE	TRUE	both
YDL081C	TRUE	FALSE	this_study_only
YOL077W-A	TRUE	TRUE	both
YDL085W	TRUE	TRUE	both
YER124C	TRUE	TRUE	both
YIL117C	TRUE	TRUE	both
YOR065W	TRUE	TRUE	both
YMR110C	TRUE	TRUE	both
YDL174C	TRUE	TRUE	both
YGR087C	TRUE	TRUE	both
YPL061W	TRUE	TRUE	both
YHR208W	TRUE	TRUE	both
YHL016C	TRUE	TRUE	both
YJL026W	TRUE	TRUE	both
YML091C	TRUE	TRUE	both
YBL064C	TRUE	TRUE	both
YPL171C	TRUE	TRUE	both
YJR027W	TRUE	TRUE	both
YDL131W	TRUE	TRUE	both
YDL181W	TRUE	TRUE	both
YJR147W	TRUE	TRUE	both
YIL057C	TRUE	TRUE	both
YEL073C	TRUE	TRUE	both
YMR107W	TRUE	TRUE	both
YOR215C	TRUE	TRUE	both
YPR010C-A	TRUE	TRUE	both
YGR043C	TRUE	TRUE	both
YDR210C-D	TRUE	FALSE	this_study_only
YIL116W	TRUE	TRUE	both
YGL026C	TRUE	TRUE	both
YPR037C	TRUE	TRUE	both
YER060W-A	TRUE	TRUE	both
YDL130W-A	TRUE	TRUE	both
YDL054C	TRUE	TRUE	both
YPL214C	TRUE	TRUE	both
YDR148C	TRUE	TRUE	both
YPR145W	TRUE	TRUE	both
YIL024C	TRUE	TRUE	both
YGL223C	TRUE	TRUE	both
YNL311C	TRUE	TRUE	both
YJR115W	TRUE	TRUE	both
YKL026C	TRUE	TRUE	both
YLR367W	TRUE	TRUE	both
YDR322C-A	TRUE	TRUE	both
YMR280C	TRUE	TRUE	both
YBR201C-A	TRUE	TRUE	both
YDR126W	TRUE	TRUE	both
YGL248W	TRUE	TRUE	both
YDL066W	TRUE	TRUE	both
YDL198C	TRUE	TRUE	both
YDR098C-B	TRUE	FALSE	this_study_only
YGR183C	TRUE	TRUE	both
YFL036W	TRUE	FALSE	this_study_only
YIL073C	TRUE	TRUE	both
YNCB0019C	TRUE	FALSE	this_study_only
YML123C	TRUE	TRUE	both
YFL028C	TRUE	TRUE	both
YBR047W	TRUE	TRUE	both
YCL030C	TRUE	TRUE	both
YIL125W	TRUE	TRUE	both
YLL061W	TRUE	TRUE	both
YJL071W	TRUE	TRUE	both
YFR014C	TRUE	FALSE	this_study_only
YCL027W	TRUE	TRUE	both
YGL202W	TRUE	TRUE	both
YER095W	TRUE	FALSE	this_study_only
YKL216W	TRUE	TRUE	both
YMR175W-A	TRUE	TRUE	both
YCR079W	TRUE	FALSE	this_study_only
YEL065W	TRUE	TRUE	both
YER150W	TRUE	TRUE	both
YEL017C-A	TRUE	TRUE	both
YDR247W	TRUE	TRUE	both
YOL055C	TRUE	TRUE	both
YAL054C	TRUE	TRUE	both
YOL143C	TRUE	TRUE	both
YNL331C	TRUE	TRUE	both
YEL029C	TRUE	TRUE	both
YBR105C	TRUE	TRUE	both
YML128C	TRUE	TRUE	both
YAL005C	TRUE	FALSE	this_study_only
YJL212C	TRUE	TRUE	both
YCL055W	TRUE	TRUE	both
YJL102W	TRUE	TRUE	both
YER037W	TRUE	TRUE	both
YDR261C	TRUE	TRUE	both
YDR216W	TRUE	TRUE	both
YGL209W	TRUE	TRUE	both
YMR095C	TRUE	TRUE	both
YER028C	TRUE	TRUE	both
YER092W	TRUE	TRUE	both
YDR309C	TRUE	TRUE	both
YDR155C	TRUE	FALSE	this_study_only
YIL009C-A	TRUE	TRUE	both
YBR203W	TRUE	TRUE	both
YFR025C	TRUE	TRUE	both
YAR020C	TRUE	TRUE	both
YOR337W	TRUE	TRUE	both
YBR248C	TRUE	TRUE	both
YGR154C	TRUE	TRUE	both
YJL103C	TRUE	TRUE	both
YJR130C	TRUE	TRUE	both
YLL062C	TRUE	TRUE	both
YHL040C	TRUE	TRUE	both
YAL044C	TRUE	TRUE	both
YPR158C-D	TRUE	FALSE	this_study_only
YDL130W	TRUE	FALSE	this_study_only
YGR008C	TRUE	TRUE	both
YHR122W	TRUE	TRUE	both
YCR083W	TRUE	TRUE	both
YCL042W	TRUE	TRUE	both
YNR069C	TRUE	TRUE	both
YNCL0012C	TRUE	FALSE	this_study_only
YBR145W	TRUE	TRUE	both
YPL230W	TRUE	TRUE	both
YKL093W	TRUE	TRUE	both
YJL062W-A	TRUE	FALSE	this_study_only
YNL018C	TRUE	TRUE	both
YIL160C	TRUE	TRUE	both
YOR192C	TRUE	TRUE	both
YDR399W	TRUE	TRUE	both
YJR159W	TRUE	TRUE	both
YIL046W	TRUE	TRUE	both
YKR075C	TRUE	TRUE	both
YKL127W	TRUE	TRUE	both
YLL052C	TRUE	TRUE	both
YBR230C	TRUE	TRUE	both
YBR072W	TRUE	TRUE	both
YNCN0005C	TRUE	FALSE	this_study_only
YBR299W	TRUE	TRUE	both
YEL011W	TRUE	TRUE	both
YGR027W-B	TRUE	FALSE	this_study_only
YMR105C	TRUE	TRUE	both
YNL135C	TRUE	FALSE	this_study_only
YGL028C	TRUE	TRUE	both
YPR020W	TRUE	TRUE	both
YOL083W	TRUE	TRUE	both
YMR145C	TRUE	TRUE	both
YGL037C	TRUE	TRUE	both
YKL065W-A	TRUE	TRUE	both
YDR461C-A	TRUE	TRUE	both
YDL079C	TRUE	TRUE	both
YOR384W	TRUE	TRUE	both
YER182W	TRUE	TRUE	both
YKL175W	TRUE	TRUE	both
YGL258W	TRUE	TRUE	both
YOL104C	TRUE	TRUE	both
YLR237W	TRUE	TRUE	both
YKL171W	TRUE	TRUE	both
YCL057C-A	TRUE	TRUE	both
YDR046C	TRUE	TRUE	both
YDL246C	TRUE	TRUE	both
YEL039C	TRUE	TRUE	both
gh1-1	TRUE	TRUE	both
YMR058W	TRUE	TRUE	both
YHR176W	TRUE	TRUE	both
YLR069C	TRUE	FALSE	this_study_only
YMR301C	TRUE	TRUE	both
YLR364W	TRUE	TRUE	both
YLL053C	TRUE	TRUE	both
YPL058C	TRUE	FALSE	this_study_only
YER073W	TRUE	TRUE	both
YCR100C	TRUE	TRUE	both
YKR016W	TRUE	FALSE	this_study_only
YDR059C	TRUE	FALSE	this_study_only
YKL050C	TRUE	TRUE	both
YNR034W-A	TRUE	TRUE	both
YDL218W	TRUE	TRUE	both
YNL015W	TRUE	TRUE	both
YJL217W	TRUE	TRUE	both
YHR063C	TRUE	TRUE	both
YDR150W	TRUE	TRUE	both
YOL109W	TRUE	TRUE	both
YGR030C	TRUE	TRUE	both
YER024W	TRUE	TRUE	both
YOR031W	TRUE	TRUE	both
YFR049W	TRUE	TRUE	both
YOR302W	TRUE	TRUE	both
YDR382W	TRUE	FALSE	this_study_only
YLR302C	TRUE	FALSE	this_study_only
YJR070C	TRUE	TRUE	both
YOR143C	TRUE	TRUE	both
YOR387C	TRUE	TRUE	both
YHR092C	TRUE	TRUE	both
YFL014W	TRUE	TRUE	both
YJR139C	TRUE	TRUE	both
YBR255C-A	TRUE	TRUE	both
YOR186W	TRUE	TRUE	both
YKL096W	TRUE	TRUE	both
YJR150C	TRUE	TRUE	both
YFL052W	TRUE	TRUE	both
YJL133C-A	TRUE	FALSE	this_study_only
YDL182W	TRUE	TRUE	both
YDR033W	TRUE	TRUE	both
YMR120C	TRUE	TRUE	both
YJL089W	TRUE	TRUE	both
YMR094W	TRUE	TRUE	both
YPL201C	TRUE	FALSE	this_study_only
YNL054W-B	TRUE	FALSE	this_study_only
YNL279W	TRUE	TRUE	both
YNR072W	TRUE	TRUE	both
YLL055W	TRUE	TRUE	both
YNL185C	TRUE	FALSE	this_study_only
YPR168W	TRUE	TRUE	both
YER160C	TRUE	FALSE	this_study_only
YBL042C	TRUE	TRUE	both
YIR038C	TRUE	TRUE	both
YLL026W	TRUE	TRUE	both
YNR068C	TRUE	TRUE	both
YBR296C	TRUE	FALSE	this_study_only
YKR049C	TRUE	TRUE	both
YBR135W	TRUE	FALSE	this_study_only
YCR021C	TRUE	TRUE	both
YHR087W	TRUE	TRUE	both
YKL067W	TRUE	TRUE	both
YOL107W	TRUE	TRUE	both
YOR356W	TRUE	TRUE	both
YFL020C	TRUE	FALSE	this_study_only
YML009C	TRUE	FALSE	this_study_only
YLR034C	TRUE	TRUE	both
YDR365W-B	TRUE	FALSE	this_study_only
YDL067C	TRUE	FALSE	this_study_only
YFL002W-A	TRUE	FALSE	this_study_only
YHR043C	TRUE	TRUE	both
YKR034W	TRUE	TRUE	both
YGL089C	TRUE	TRUE	both
YER042W	TRUE	TRUE	both
YNR002C	TRUE	FALSE	this_study_only
YNL254C	TRUE	TRUE	both
YIR016W	TRUE	FALSE	this_study_only
YPL130W	TRUE	TRUE	both
YDR342C	TRUE	TRUE	both
YIL119C	TRUE	TRUE	both
YKL221W	TRUE	FALSE	this_study_only
NR_132171.1	TRUE	FALSE	this_study_only
YNL066W	TRUE	TRUE	both
YEL040W	TRUE	TRUE	both
YEL049W	TRUE	TRUE	both
YNL024C	TRUE	TRUE	both
YHL044W	TRUE	TRUE	both
YBR230W-A	TRUE	FALSE	this_study_only
YEL034W	TRUE	TRUE	both
YLR023C	TRUE	TRUE	both
YBR294W	TRUE	TRUE	both
YOL157C	TRUE	TRUE	both
YEL033W	TRUE	TRUE	both
YHR071W	TRUE	TRUE	both
YAL067C	TRUE	TRUE	both
YGR174W-A	TRUE	TRUE	both
YKL107W	TRUE	TRUE	both
gene-Q0158	TRUE	FALSE	this_study_only
YLR042C	TRUE	TRUE	both
YBR269C	TRUE	TRUE	both
YDR218C	TRUE	TRUE	both
YOL161C	TRUE	FALSE	this_study_only
YHR021W-A	TRUE	TRUE	both
YPL147W	TRUE	FALSE	this_study_only
YMR040W	TRUE	TRUE	both
YNL194C	TRUE	TRUE	both
YDR540C	TRUE	TRUE	both
YCR099C	TRUE	TRUE	both
YNL318C	TRUE	FALSE	this_study_only
YOL118C	TRUE	FALSE	this_study_only
YKL220C	TRUE	FALSE	this_study_only
YER121W	TRUE	TRUE	both
YAR010C	TRUE	FALSE	this_study_only
YER138C	TRUE	FALSE	this_study_only
YLR037C	TRUE	FALSE	this_study_only
NR_132166.1	TRUE	FALSE	this_study_only
YGL033W	TRUE	TRUE	both
YER085C	TRUE	TRUE	both
YOR374W	TRUE	FALSE	this_study_only
YIL162W	TRUE	TRUE	both
YGR027W-A	TRUE	FALSE	this_study_only
YPL258C	TRUE	TRUE	both
YOR202W	TRUE	TRUE	both
YOL154W	TRUE	TRUE	both
YOR177C	TRUE	TRUE	both
YDR316W-A	TRUE	FALSE	this_study_only
YCL048W-A	TRUE	TRUE	both
YBR085W	TRUE	TRUE	both
YLR070C	TRUE	FALSE	this_study_only
YBR012W-B	TRUE	TRUE	both
YGR288W	TRUE	TRUE	both
YLR154W-C	TRUE	TRUE	both
YGR157W	TRUE	TRUE	both
YDR098C-A	TRUE	FALSE	this_study_only
YOR214C	TRUE	TRUE	both
YEL026W	TRUE	FALSE	this_study_only
YGR295C	TRUE	TRUE	both
YGR059W	TRUE	TRUE	both
YCL012C	TRUE	TRUE	both
YML045W-A	TRUE	FALSE	this_study_only
YOR348C	TRUE	FALSE	this_study_only
YER145C	TRUE	TRUE	both
YDR171W	TRUE	FALSE	this_study_only
YNCD0032C	TRUE	FALSE	this_study_only
YCR101C	TRUE	TRUE	both
YOR192C-B	TRUE	FALSE	this_study_only
YPR158C-C	TRUE	FALSE	this_study_only
YDR261W-B	TRUE	FALSE	this_study_only
YBL043W	TRUE	TRUE	both
YLR106C	TRUE	FALSE	this_study_only
YFL051C	TRUE	TRUE	both
YCL036W	TRUE	FALSE	this_study_only
YNL117W	TRUE	TRUE	both
YFL053W	TRUE	FALSE	this_study_only
YMR252C	TRUE	FALSE	this_study_only
YLR146W-A	TRUE	TRUE	both
YOR383C	TRUE	TRUE	both
YLL025W	TRUE	FALSE	this_study_only
YIL163C	TRUE	TRUE	both
YNL234W	TRUE	TRUE	both
YHR054C	TRUE	FALSE	this_study_only
YPL189C-A	TRUE	TRUE	both
YER084W	TRUE	TRUE	both
YGR067C	TRUE	FALSE	this_study_only
YBL100W-B	TRUE	TRUE	both
YHR022C	TRUE	TRUE	both
YOR394W	TRUE	TRUE	both
YMR325W	TRUE	TRUE	both
YGR038C-A	TRUE	FALSE	this_study_only
YHR185C	TRUE	FALSE	this_study_only
YMR018W	TRUE	FALSE	this_study_only
YDL085C-A	TRUE	TRUE	both
YNCL0015C	TRUE	FALSE	this_study_only
YOR107W	TRUE	TRUE	both
YER159C-A	TRUE	FALSE	this_study_only
YHR116W	TRUE	FALSE	this_study_only
YBR301W	TRUE	TRUE	both
YOR382W	TRUE	TRUE	both
YNL284C-A	TRUE	FALSE	this_study_only
YFL019C	TRUE	FALSE	this_study_only
YJL218W	TRUE	TRUE	both
YGL158W	TRUE	TRUE	both
YNCL0010C	TRUE	FALSE	this_study_only
YER067W	TRUE	TRUE	both
YNL034W	TRUE	FALSE	this_study_only
YGL138C	TRUE	TRUE	both
YPR192W	TRUE	TRUE	both
YPR137C-B	TRUE	FALSE	this_study_only
YBR183W	TRUE	FALSE	this_study_only
YCR102C	TRUE	TRUE	both
YDR365W-A	TRUE	FALSE	this_study_only
YGR294W	TRUE	FALSE	this_study_only
YNCD0034C	TRUE	FALSE	this_study_only
YNL112W	TRUE	FALSE	this_study_only
YMR101C	TRUE	FALSE	this_study_only
YDR034W-B	TRUE	TRUE	both
YER053C-A	TRUE	TRUE	both
YNL184C	TRUE	FALSE	this_study_only
YJL216C	TRUE	FALSE	this_study_only
YLR461W	TRUE	TRUE	both
YDR437W	TRUE	TRUE	both
YGR159C	TRUE	TRUE	both
YNCG0010W	TRUE	FALSE	this_study_only
YNCL0014C	TRUE	FALSE	this_study_only
YPL200W	TRUE	FALSE	this_study_only
YJR005C-A	TRUE	TRUE	both
YNL145W	TRUE	TRUE	both
YHR050W-A	TRUE	TRUE	both
YNCL0016C	TRUE	FALSE	this_study_only
YPR151C	TRUE	FALSE	this_study_only
YGR296W	TRUE	FALSE	this_study_only
YNCL0017C	TRUE	FALSE	this_study_only
Q0105	TRUE	FALSE	this_study_only
YPR064W	TRUE	FALSE	this_study_only
YNCK0020C	TRUE	FALSE	this_study_only
cdt-1EGFP	TRUE	FALSE	this_study_only
YGR273C	TRUE	FALSE	this_study_only
YPL275W	TRUE	FALSE	this_study_only
YNCJ0004C	TRUE	FALSE	this_study_only
YPR061C	TRUE	FALSE	this_study_only
YOR388C	TRUE	FALSE	this_study_only
YHR136C	TRUE	FALSE	this_study_only
YML045W	TRUE	FALSE	this_study_only
YOR032W-A	TRUE	TRUE	both
YAR009C	TRUE	TRUE	both
YNCG0044C	TRUE	FALSE	this_study_only
YHR216W	TRUE	TRUE	both
YLR111W	TRUE	FALSE	this_study_only
YJR048W	TRUE	FALSE	this_study_only
YOR255W	TRUE	FALSE	this_study_only
Q0120	TRUE	FALSE	this_study_only
YOR183W	TRUE	FALSE	this_study_only
NR_172476.1	TRUE	FALSE	this_study_only
YIR018C-A	TRUE	TRUE	both
YGR161C-D	TRUE	FALSE	this_study_only
YFR054C	TRUE	FALSE	this_study_only
YLR136C	TRUE	TRUE	both
YMR015C	TRUE	TRUE	both
YJR120W	TRUE	FALSE	this_study_only
YBR296C-A	TRUE	FALSE	this_study_only
YPR158W-B	TRUE	FALSE	this_study_only
YGL118C	TRUE	FALSE	this_study_only
Q0055	TRUE	FALSE	this_study_only
YLR308W	TRUE	FALSE	this_study_only
YFR032C	TRUE	FALSE	this_study_only
YDR344C	TRUE	FALSE	this_study_only
YBR292C	TRUE	FALSE	this_study_only
YNL042W-B	TRUE	FALSE	this_study_only
YNCK0015C	TRUE	FALSE	this_study_only
YNCA0004W	TRUE	FALSE	this_study_only
YNCE0016C	TRUE	FALSE	this_study_only
YNCL0004C	TRUE	FALSE	this_study_only
YML054C-A	TRUE	FALSE	this_study_only
YBL005W-B	TRUE	TRUE	both
YNL097C-B	TRUE	FALSE	this_study_only
Q0020	TRUE	FALSE	this_study_only
YMR050C	TRUE	FALSE	this_study_only
YCL026C-B	FALSE	TRUE	original_only
YOR049C	FALSE	TRUE	original_only
YMR020W	FALSE	TRUE	original_only
YOR226C	FALSE	TRUE	original_only
YJL160C	FALSE	TRUE	original_only
YEL047C	FALSE	TRUE	original_only
YJR146W	FALSE	TRUE	original_only
YKL218C	FALSE	TRUE	original_only
YHR163W	FALSE	TRUE	original_only
YDR254W	FALSE	TRUE	original_only
YNL129W	FALSE	TRUE	original_only
YHR161C	FALSE	TRUE	original_only
YKR039W	FALSE	TRUE	original_only
YHR210C	FALSE	TRUE	original_only
YDR264C	FALSE	TRUE	original_only
YOR011W	FALSE	TRUE	original_only
YOL155C	FALSE	TRUE	original_only
YNL261W	FALSE	TRUE	original_only
YOL128C	FALSE	TRUE	original_only
YIR018W	FALSE	TRUE	original_only
YLR162W-A	FALSE	TRUE	original_only
YLR154C-G	FALSE	TRUE	original_only
YPL282C	FALSE	TRUE	original_only
